  "-Nht3BHkMYYADZmVh_FP": "1;100;0
  "-Nht3Bq2dWkyR_W-Jn_V": "1;98;0
  "-Nht3CP1__pbQ-HJO2no": "1;98;0
  "-Nht3CwfBxD0dBmPaYVW": "1;96;0
  "-Nht3DWAsxXgaZzCD1xV": "1;96;0
  "-Nht3E3Oi6FID4ViBprE": "1;96;0
  "-Nht3Eb_HfIhTZxG7ess": "1;96;0
  "-Nht3F9iQ6i_rrnSylOO": "1;96;0
  "-Nht3FhzrnfmlFwNmh5P": "1;95;1
  "-Nht3GGB_XsYQMWGNxYH": "1;95;1
  "-Nht3Gq0HzigFNnXBN0R": "1;94;1
  "-Nht3HQ3yOMFRbKD_VID": "1;94;1
  "-Nht3Hxzbn5mjRTQI4OL": "1;94;1
  "-Nht3IWD7Cq9iwCHK85r": "1;94;1
  "-Nht3J7-H8ckeiMQxcXY": "1;93;1
  "-Nht3JepR1l_AfiEF6uW": "1;93;1
  "-Nht3KBT3nKfNQ05QoVd": "1;93;1
  "-Nht3KjZ27ZU7W7meK65": "1;93;1
  "-Nht3LHnOHu5mPb9IgUl": "1;93;1
  "-Nht3Lq3WO61tc8o-dvQ": "1;92;1
  "-Nht3MMh6Vg3vnhq5YCr": "1;92;1
  "-Nht3MunX2jy9EG4PLUG": "1;92;1
  "-Nht3NSzieXHPdqgRaf7": "1;92;1
  "-Nht3O0BoFScUR--mv0e": "1;92;1
  "-Nht3OZN_i935LsicbGB": "1;92;1
  "-Nht3P6avv-vcCAhLfO3": "1;91;1
  "-Nht3PenkY-I5qsCdu-E": "1;91;1
  "-Nht3QDYvu12fRyKeFT3": "1;91;1
  "-Nht3QmoZR9ohac7hN7d": "1;91;1
  "-Nht3RKyfh7gv1T6i6Au": "1;91;1
  "-Nht3RtCd_Xs13zObVKj": "1;91;1
  "-Nht3SRNiY5h4UHroLUp": "1;90;1
  "-Nht3SzmQE1mcm1gHTM1": "1;90;1
  "-Nht3TXnHCE3UQ52JTou": "1;90;1
  "-Nht3U4yZkyHObLB-Tc5": "1;90;1
  "-Nht3UmrY9pkxvPK1AjN": "1;90;2
  "-Nht3VJd-Vj89Vjz4b0m": "1;90;2
  "-Nht3Vr_f-p-ak54guI3": "1;90;2
  "-Nht3WQW4RQaWurTt1kj": "1;90;2
  "-Nht3Wzg3GPkk7-D2J1Y": "1;90;2
  "-Nht3XXmaYzwN7e0JNL_": "1;90;2
  "-Nht3Y4xuc_Q9UHOAK0O": "1;90;2
  "-Nht3YdHXqATilYz97Rc": "1;90;2
  "-Nht3Z9sPDlW1lEcOQTG": "1;89;2
  "-Nht3Zi-OcjZwTbCmyzl": "1;89;2
  "-Nht3_GCn90PnrtZlcv7": "1;89;2
  "-Nht3_oOeWQM1TRApbtv": "1;89;2
  "-Nht3aM_W5R9qXdRUmzU": "1;89;2
  "-Nht3aumJo0GFL75PBFp": "1;89;2
  "-Nht3bT3v8_Jojcdq7VJ": "1;89;2
  "-Nht3c0DWjZAH7nz-mxO": "1;89;2
  "-Nht3cZM6WjTMnmdfhBO": "1;89;2
  "-Nht3d6hPIzrqNDKydsh": "1;89;2
  "-Nht3ddJWyxS2sF1aFjg": "1;89;2
  "-Nht3eBPOdwmOMaY11hN": "1;89;2
  "-Nht3ejfJof8sZstmRkr": "1;89;2
  "-Nht3fT7UKZxfAI0QbJ2": "1;88;2
  "-Nht3g0BqiDOHhKKEunA": "1;88;2
  "-Nht3gZRhKZMy5CBK9xu": "1;88;2
  "-Nht3h6btf-ng4axYez3": "1;88;2
  "-Nht3hgSSc5L1CLHoLd0": "1;88;2
  "-Nht3iE_cTZ6qYiKl0Jn": "1;88;3
  "-Nht3ilA8Z_lP_WGpe6W": "1;88;3
  "-Nht3jJZIzmZ5TvR6mNs": "1;88;3
  "-Nht3jriumCRdlmNE-O7": "1;88;3
  "-Nht3kPo1M86fEBWQAXh": "1;88;3
  "-Nht3ky-yAuXcGY9vP1c": "1;88;3
  "-Nht3lWBu-ZvN7SoYbgt": "1;88;3
  "-Nht3m3PFSEfYh78f5sB": "1;88;3
  "-Nht3ma0HueLyub2X94_": "1;88;3
  "-Nht3n8BruShbF2KbVXo": "1;88;3
  "-Nht3ngUflYQ-pIlUv-W": "1;88;3
  "-Nht3oEbtrrdwyo-uNEA": "1;88;3
  "-Nht3ompjoZgd3-n94Hy": "1;88;3
  "-Nht3pKyMJPA2Nbsr0Cq": "1;88;3
  "-Nht3ptIGpYFcMTGdADN": "1;88;3
  "-Nht3qRW6FKMmlMzXj6o": "1;88;3
  "-Nht3qzbLDxp6xBg3H0J": "1;88;3
  "-Nht3rXpuhFPFSImRGVQ": "1;88;3
  "-Nht3s57k8uwk2FEyUNU": "1;88;3
  "-Nht3sdD84sceAK8bZGN": "1;88;3
  "-Nht3tBU2NnSPABk2oI0": "1;88;3
  "-Nht3tjcd0K3TeAsnlBJ": "1;88;3
  "-Nht3uHr_YeB5osF4UvG": "1;88;3
  "-Nht3uq1apr4r5SHmAla": "1;88;3
  "-Nht3vMp-DjPOvxj-mPl": "1;87;3
  "-Nht3vutO9N_721hMILG": "1;87;3
  "-Nht3wT5_YgBB5579U7I": "1;87;4
  "-Nht3x0CcglRw4GpN5Zl": "1;87;4
  "-Nht3xZTxycYWNmNPJRY": "1;87;4
  "-Nht3y6aSCtTe-ag3oDA": "1;87;4
  "-Nht3yeop4DDhixjpDUP": "1;87;4
  "-Nht3zD6C3TUMIAZtTaI": "1;87;4
  "-Nht3zlIZRG9W6ChAxTV": "1;87;4
  "-Nht4-JQUSW7KZ89JqU4": "1;87;4
  "-Nht4-rbk6p7GHl9rQG-": "1;87;4
  "-Nht40PsTlN166MswPAD": "1;87;4
  "-Nht40y-DTASVvsrn_CM": "1;87;4
  "-Nht41WBW4LGP7w-fLRY": "1;87;4
  "-Nht423UOgcRuGMaASWS": "1;87;4
  "-Nht42berDcw9EiYv4He": "1;87;4
  "-Nht439op1-s0K9AGD_l": "1;87;4
  "-Nht43i5wTx_QjZ6eb6m": "1;87;4
  "-Nht44EkMwrsvoKLF2Qh": "1;87;4
  "-Nht44lH4gcghAzeEZdY": "1;87;4
  "-Nht45Hw6TuO-hEZhPWD": "1;87;4
  "-Nht45q2iqyiVcHShAsx": "1;87;4
  "-Nht46OCOZT2-c4CBi-i": "1;87;4
  "-Nht46wSvyFwg-P0ah2d": "1;87;4
  "-Nht47UegzTsTg-cT4el": "1;87;4
  "-Nht481m7i89yB5ZPkQq": "1;87;4
  "-Nht48gRmcyaS1fok-ih": "1;87;4
  "-Nht49EdggWTWfFzz1GJ": "1;87;4
  "-Nht49mvAOXTGfRbFKE_": "1;86;4
  "-Nht4AJX2rpP14nI28na": "1;86;5
  "-Nht4AraI9j901fTrIGd": "1;86;5
  "-Nht4BQ-g_1ewLtAXqI7": "1;86;5
  "-Nht4By2alvtXAY3n_Xt": "1;86;5
  "-Nht4CWC_JrxCb2RAIxI": "1;86;5
  "-Nht4D3U74aBpxEk8Pfo": "1;86;5
  "-Nht4Da2eeobzrIPFLbA": "1;86;5
  "-Nht4E8C7GGVCVlGrdzf": "1;86;5
  "-Nht4EgTvUX7So-eMzPp": "1;86;5
  "-Nht4FEem7ywp4f4qnmd": "1;86;5
  "-Nht4FmpnD6_AO-wahor": "1;86;5
  "-Nht4GL0aiisdnqjYkD1": "1;86;5
  "-Nht4GtG9q3XqJnM1lqx": "1;86;5
  "-Nht4HRX5y5Pm3ahj_f5": "1;86;5
  "-Nht4Hy1_G7bHtKRbbTN": "1;86;5
  "-Nht4IUdy0kOmHzzdlr_": "1;86;5
  "-Nht4J1pUrJ0eTWNw_x2": "1;86;5
  "-Nht4JccAaBihxi-RKYy": "1;86;5
  "-Nht4KBPA89gt1QyvdLe": "1;86;5
  "-Nht4KgWw85v1qsCvpbz": "1;86;5
  "-Nht4LEb7eTG3RUBry8_": "1;86;5
  "-Nht4LmnjFqdXvvcBGnu": "1;86;5
  "-Nht4ML26oqk7vh3DRC7": "1;86;5
  "-Nht4MtElU-hfSWPCZfx": "1;86;5
  "-Nht4NRQTQtEfQr4Owol": "1;86;5
  "-Nht4Nzgq5C7uPiERxEg": "1;86;5
  "-Nht4OXsHs9gw_QYQ1dO": "1;86;5
  "-Nht4P5FAERYbr_uTL4o": "1;86;6
  "-Nht4PgTvu7-gKZISTBr": "1;86;6
  "-Nht4QDCWTypiiS3mj-V": "1;86;6
  "-Nht4QlGjEkM-QOoBK2U": "1;86;6
  "-Nht4RJPMm8GF-SWtPSt": "1;86;6
  "-Nht4Rq3ZAt4toTzY84L": "1;86;6
  "-Nht4SOOEDnwktbCGpij": "1;86;6
  "-Nht4SwQ8d_5VwNhs-RJ": "1;86;6
  "-Nht4TUhZhj52b3VIj8A": "1;86;6
  "-Nht4U1qMXFGwb2WRSZg": "1;86;6
  "-Nht4Ua0keJFOUpZUtNv": "1;86;6
  "-Nht4V6d8uQP3uv-GBIy": "1;86;6
  "-Nht4VepAfQk3CpqCTXA": "1;86;6
  "-Nht4WD2O2qpc2cE-deu": "1;86;6
  "-Nht4WlM1Q7kH2JTa8bs": "1;86;6
  "-Nht4XJVvEIK81oVRDwK": "1;86;6
  "-Nht4XrhdcUYeZV3B0-v": "1;86;6
  "-Nht4YPp12bJRWPZaM_W": "1;86;6
  "-Nht4Yy1UUXolOMKnpM5": "1;86;6
  "-Nht4ZWE50JqDCEyIOPq": "1;86;6
  "-Nht4_3QQ-PNiIN4qetn": "1;86;6
  "-Nht4_bdEBXRH-l5_hTV": "1;86;6
  "-Nht4a9oX2SGDxDcvP2-": "1;86;6
  "-Nht4ai-wU46ZX2WTqo9": "1;86;6
  "-Nht4bGGGZ5au23FVhFm": "1;86;6
  "-Nht4bq4L7fQo9VBSKTB": "1;86;6
  "-Nht4cPoqfSgNjn2Sxky": "1;86;7
  "-Nht4cwvvSnXY27MEw-x": "1;86;7
  "-Nht4dUe-X6NIHBEYDvs": "1;86;7
  "-Nht4e1tMbpKg3crxjUB": "1;86;7
  "-Nht4ea1uMwSghPy6HuJ": "1;86;7
  "-Nht4f8FlKul2eDOKtKU": "1;86;7
  "-Nht4fgX2b7WwojFlL4S": "1;86;7
  "-Nht4gE_b6O4MzuXDuKU": "1;86;7
  "-Nht4gmpUeyzN4KlYpYv": "1;86;7
  "-Nht4hKzeoS2l47chAS2": "1;86;7
  "-Nht4htFCO7VhR_2V6eG": "1;86;7
  "-Nht4iRRFEx_Sir-EORO": "1;86;7
  "-Nht4izk3I6JnGWoH9ps": "1;86;7
  "-Nht4jWDum5Z9KDSL7If": "1;86;7
  "-Nht4k7xEzEdriNRgjeh": "1;86;7
  "-Nht4kgR494hbxyqzqNU": "1;86;7
  "-Nht4lEcl2Wk5saRVmoC": "1;86;7
  "-Nht4lmz2T0lKPo8IYas": "1;86;7
  "-Nht4mMcXQfoIG_577PU": "1;86;7
  "-Nht4mvBxhmLjWxSDxpU": "1;86;7
  "-Nht4nT1ttB6XkJ-5Y7D": "1;86;7
  "-Nht4o1qDCK23w7g7zRP": "1;86;7
  "-Nht4oa5XuJBr-DZTjE0": "1;86;7
  "-Nht4p8pVt9V9d3VwNHL": "1;86;7
  "-Nht4pi-GBJvtKojoF8q": "1;86;7
  "-Nht4qGEHMQ6GfljeKQn": "1;86;7
  "-Nht4qoPd7hkwaxdEYpb": "1;86;7
  "-Nht4rMkcyzmqJzK_KdG": "1;86;8
  "-Nht4ruqWE8LGopZe1nC": "1;85;8
  "-Nht4sT-T8XD9-lnaAPW": "1;85;8
  "-Nht4t0Eqp-HHHyz4n_j": "1;85;8
  "-Nht4tgSaodtcH0ash_0": "1;85;8
  "-Nht4uEcprxoMdP78DfK": "1;85;8
  "-Nht4umsnW7F4qSstZdE": "1;85;8
  "-Nht4vL3CuQSnimji57j": "1;85;8
  "-Nht4vtEIjtqgcfXkwnq": "1;85;8
  "-Nht4wRRSlw0Ep2-AObr": "1;85;8
  "-Nht4wzeu91CmUEzG2Ap": "1;85;8
  "-Nht4xXrMxCZuIXtA-Qv": "1;85;8
  "-Nht4y3hvZ8PtMH9ZdJA": "1;85;8
  "-Nht4ybmf6iZvszh-RDQ": "1;85;8
  "-Nht4z9u4mr3HK4BdmmJ": "1;85;8
  "-Nht4zi4vxBXxxwe84y7": "1;85;8
  "-Nht5-GKahM2mDA9DJN_": "1;85;8
  "-Nht5-oVzUWEn-_Qlq8B": "1;85;8
  "-Nht50NA7c42hVyOrXC5": "1;85;8
  "-Nht50uuXO0QeqJ0d9nK": "1;85;8
  "-Nht528JqEwlTmC0TSZ2": "1;85;8
  "-Nht52gVvKyrK2ckLeTW": "1;85;8
  "-Nht53Eh-sKiSZeyGVyh": "1;85;8
  "-Nht53mqSS-CMj1XeslX": "1;85;8
  "-Nht54JQkzwtk4WiAJ8L": "1;85;8
  "-Nht54raJEJ8jUgySYzs": "1;85;9
  "-Nht55PxUczdUyswlbDX": "1;85;9
  "-Nht55y8vE9U_q8ZwoSK": "1;85;9
  "-Nht56WE2OkUcUs08YMH": "1;85;9
  "-Nht578GU5hNKw5v5tcc": "1;85;9
  "-Nht57gYFl9O43SkHTXH": "1;85;9
  "-Nht58EfgprSHQDLkXZ7": "1;85;9
  "-Nht58mueDj7icJUR_GP": "1;85;9
  "-Nht59LHcnzU28xoo3KL": "1;85;9
  "-Nht59tXV7H0Aga4NDca": "1;85;9
  "-Nht5ARTBqnCSyTNX1Rk": "1;85;9
  "-Nht5AzeKx9EC8JZfVYu": "1;85;9
  "-Nht5BXudXaVl3FL9i6j": "1;85;9
  "-Nht5C50fzSK5Yb4Fq_k": "1;85;9
  "-Nht5CdIJrvAsAEqYHGG": "1;85;9
  "-Nht5DBTzvTkVnq5ByEy": "1;85;9
  "-Nht5Djdzz59VvfAEAJD": "1;85;9
  "-Nht5EHxpFisYcyFGDzA": "1;85;9
  "-Nht5Eq6mNYx_X9ixYEa": "1;85;9
  "-Nht5FMj4krR8o6xU22a": "1;85;9
  "-Nht5FusKvsnAorfsBzH": "1;85;9
  "-Nht5GT3TaZ8s-M93gOu": "1;85;9
  "-Nht5H0KTyNrsIouZ9L7": "1;85;9
  "-Nht5HZUorS3FmbT0kYs": "1;85;9
  "-Nht5I5L4mbb_PQjTgTm": "1;85;9
  "-Nht5IdEw599Kao6bYIj": "1;85;9
  "-Nht5J9r7Q6-KSrK2giI": "1;85;9
  "-Nht5JiFYhq_dikIjn7E": "1;85;10
  "-Nht5KEipGt0k8lE2kmH": "1;85;10
  "-Nht5Kn-4Pq0vcKlevPB": "1;85;10
  "-Nht5LL9BedoTfmMKaLE": "1;85;10
  "-Nht5LtHtTI8Hy2_d6ua": "1;85;10
  "-Nht5MRVi9_5STal5iGy": "1;85;10
  "-Nht5Mzi2vBdY4B6bs1l": "1;85;10
  "-Nht5NXoPfs1EC15JAus": "1;85;10
  "-Nht5O3Y6eV7RspVhGLe": "1;85;10
  "-Nht5Obe_I0lkOUdGldU": "1;84;10
  "-Nht5P9pcnOUfyrbEbus": "1;84;10
  "-Nht5Pi6Wcd5VCzZSN5e": "1;84;10
  "-Nht5QGG2sPzgvIMgvFV": "1;84;10
  "-Nht5QmwA2sM-P3uqoUX": "1;84;10
  "-Nht5RL8RM9QsY9DB8mr": "1;84;10
  "-Nht5RtIQRAEJBL38iui": "1;84;10
  "-Nht5SRWEXaLW8DX5MCV": "1;84;10
  "-Nht5SzfnkCQLZAVqYg7": "1;84;10
  "-Nht5TXs9eg7oAGPrYAF": "1;84;10
  "-Nht5U54DiDE55v026bW": "1;84;10
  "-Nht5UeF4cBJyWgRqpBU": "1;84;10
  "-Nht5VD9XydMjvzyyCuI": "1;84;10
  "-Nht5VlJYLQV_nWe9zDb": "1;84;10
  "-Nht5WNgTyWvPnzH1c_1": "1;84;10
  "-Nht5Wzfdb57tvObwlUW": "1;84;10
  "-Nht5XYNtE029mDdZsio": "1;84;10
  "-Nht5Y45UN9faDt0VtVJ": "1;84;11
  "-Nht5YdL4WL6ebb8rcM7": "1;84;11
  "-Nht5ZBX_FC8ABYAOyR2": "1;84;11
  "-Nht5ZjgqOn248JEraHR": "1;84;11
  "-Nht5_HtDw2qYDjcxB9-": "1;84;11
  "-Nht5_q4r1xjcTAEpd1I": "1;84;11
  "-Nht5aNC0LOinVgdYgEA": "1;84;11
  "-Nht5autuQZAQOuPabAo": "1;84;11
  "-Nht5bTIps2XM29Ozjaa": "1;84;11
  "-Nht5c0MFrEsy328meYa": "1;84;11
  "-Nht5cYE3rGOuYgKvB78": "1;84;11
  "-Nht5d54GfgLjZbqVTdE": "1;84;11
  "-Nht5ddKQi62H7gZU6lz": "1;84;11
  "-Nht5eBVseRpqEhjhwV3": "1;84;11
  "-Nht5ejd1G5iKYY8pk5N": "1;84;11
  "-Nht5fHsPKYlSN1XKIZC": "1;84;11
  "-Nht5fq3dhfDVai2ev1C": "1;84;11
  "-Nht5gOJ-dLnQfDt06L9": "1;84;11
  "-Nht5gwTT6PEtZedB4IX": "1;84;11
  "-Nht5hUg9nSGRcS6x6c4": "1;84;11
  "-Nht5i1uReSjwLfKyiBc": "1;84;11
  "-Nht5ia10MmLPkW8QXpF": "1;84;11
  "-Nht5j8HmZpS_NSAkISD": "1;84;11
  "-Nht5jgTM1zLhzZ567Ad": "1;84;11
  "-Nht5kDfxu24n6CgXCiG": "1;84;11
  "-Nht5kmwqqcvx2k47HqW": "1;84;11
  "-Nht5lL2aWmGlOesA5-i": "1;84;11
  "-Nht5ltFMuoZ2RsJBrvg": "1;84;12
  "-Nht5mRW3r96aJZuYt4Q": "1;84;12
  "-Nht5mzgseqQysyFdvdz": "1;84;12
  "-Nht5nXsOIfMIoXpl2us": "1;84;12
  "-Nht5o58UnsGvgCeA1hU": "1;84;12
  "-Nht5odFHYandMKOsbvV": "1;84;12
  "-Nht5pBWmlOzQEkqQ-wN": "1;84;12
  "-Nht5pjkQ1b0JPhUB07s": "1;84;12
  "-Nht5qHtCJM8A-UHhSoR": "1;84;12
  "-Nht5qq4ORmcDhv5nB29": "1;84;12
  "-Nht5rOHMUBdniV7RQ-4": "1;84;12
  "-Nht5rwY8ZCNVvWj-z6M": "1;84;12
  "-Nht5sUXHMjS085ZPK-y": "1;84;12
  "-Nht5t1wfp8Y2paX3n2O": "1;84;12
  "-Nht5ta49gQsIs1KJqtD": "1;84;12
  "-Nht5u8H6Mb4DdejVJjY": "1;84;12
  "-Nht5ugV5L5XfESS5Qes": "1;84;12
  "-Nht5vEelqYex9wxh70i": "1;84;12
  "-Nht5vmt52ioL2y0KeCu": "1;84;12
  "-Nht5wL2YE4MEAGJ_NdL": "1;84;12
  "-Nht5wtKHHxKdL0iiXCI": "1;84;12
  "-Nht5xR_bj8ZL1S3bZQo": "1;84;12
  "-Nht5xzoGbs3HbrQltlU": "1;84;12
  "-Nht5yUuWyPSPPVKXg2F": "1;84;12
  "-Nht5z1xybk-FbKFshrz": "1;84;12
  "-Nht5za3Cvt8Kk3dT_Lr": "1;84;12
  "-Nht6-8O5m32kQzMlI21": "1;84;12
  "-Nht6-g_A3fUypDD8HKy": "1;84;13
  "-Nht60EfacGbNpaUFudz": "1;84;13
  "-Nht60n8rvfd2jT9LTWM": "1;84;13
  "-Nht61LBtyk9--5dDlZs": "1;84;13
  "-Nht61tGa1hIKNoFsoO_": "1;84;13
  "-Nht62RV3gjTUs4welV6": "1;84;13
  "-Nht62zfuK-j5ZSGosKI": "1;84;13
  "-Nht63aNFoqEpO48OhSO": "1;84;13
  "-Nht6479-RURTQGZkBeF": "1;84;13
  "-Nht64es0rsW-7aXW2d6": "1;84;13
  "-Nht65DAKHE_ImAZfvXZ": "1;84;13
  "-Nht65lMU2wzwbuD1n6E": "1;84;13
  "-Nht66JUfOS8H3d96k-K": "1;84;13
  "-Nht66rlwzVYYKYTXsvc": "1;84;13
  "-Nht67PvrYE-MP03GF91": "1;84;13
  "-Nht67y4h9pVJ7aaf1hm": "1;84;13
  "-Nht68WIFbUw1oB-XTyc": "1;84;13
  "-Nht693_QeCWGlsFALvb": "1;84;13
  "-Nht69gUrohKXc7DvwI9": "1;84;13
  "-Nht6ADDXZ7bsqTLjZgN": "1;84;13
  "-Nht6AlFw4f-jUmrfFpS": "1;84;13
  "-Nht6BJa-8zKwmzuoSNc": "1;84;13
  "-Nht6BrfxjwPVkikCl2j": "1;84;13
  "-Nht6CPvWpvNU0NnuK3l": "1;84;13
  "-Nht6Cy5lTlNtNXp_3IL": "1;83;13
  "-Nht6DWIRXtPlD7uhONt": "1;83;13
  "-Nht6E3ln24iB-vW8Y-c": "1;83;14
  "-Nht6EbeqLf2CJzS0DJR": "1;83;14
  "-Nht6FFFD3-c5xsjZoar": "1;83;14
  "-Nht6FobL1g0YxL0iwgL": "1;83;14
  "-Nht6GOKi_01l4gyvNbA": "1;83;14
  "-Nht6GwTL4LWNLdfHjRO": "1;83;14
  "-Nht6HUlVc1_Wa5J-kmk": "1;83;14
  "-Nht6I52XYiqtbUXqYFA": "1;83;14
  "-Nht6IdIEwwx6aJ0YTfw": "1;83;14
  "-Nht6JBTL0FX_e-HOSVe": "1;83;14
  "-Nht6JjgmaZpXOOFwTac": "1;83;14
  "-Nht6KHtqoGrNix-c_V5": "1;83;14
  "-Nht6Kq51ZSGVIUsr7p_": "1;83;14
  "-Nht6LMole1pgFhqX7sf": "1;83;14
  "-Nht6Luv1OCHo6PZiSpx": "1;83;14
  "-Nht6MRY_liZtku6SeCF": "1;83;14
  "-Nht6MzkY6GvSiDu67W2": "1;83;14
  "-Nht6NWONkxIOt2s1cZk": "1;83;14
  "-Nht6O3azsqsqgJCHciJ": "1;83;14
  "-Nht6ObfsEUXUNlwCksJ": "1;83;14
  "-Nht6P9txhJ4Pk3j2vRc": "1;83;14
  "-Nht6PgZB8kXBoL1qBjf": "1;83;14
  "-Nht6QEmd1l-QtBRDy1n": "1;83;14
  "-Nht6QmtguQgJdJcgTLA": "1;83;14
  "-Nht6RR5i9FeoqhLqFN9": "1;83;14
  "-Nht6RzlQjTy5Kp8DEAU": "1;83;14
  "-Nht6SXshVbE3uXxPR9R": "1;83;14
  "-Nht6T553g51JgtOM4TP": "1;83;15
  "-Nht6TdJV_eWIsxJDULF": "1;83;15
  "-Nht6UBXeoJ0Mej8_JmQ": "1;83;15
  "-Nht6UjiQVy3GJuFTo2-": "1;83;15
  "-Nht6VHs9HduPt3eYPEs": "1;83;15
  "-Nht6Vq5lXku9pLWjGSe": "1;83;15
  "-Nht6WOIAz8esj5G7F2t": "1;83;15
  "-Nht6WwTibFv5bwyBlwD": "1;83;15
  "-Nht6XUjFyPp1xj06Ccq": "1;83;15
  "-Nht6Y1w6C5KEgdzqDN9": "1;83;15
  "-Nht6Ya5FU_64lpzZ9JJ": "1;83;15
  "-Nht6Z8Ho9WiyfwII04X": "1;83;15
  "-Nht6ZfmEAV4zMCtb0wT": "1;83;15
  "-Nht6_EiREUFX9VPUGU1": "1;83;15
  "-Nht6_muKUOIT7kPyywf": "1;83;15
  "-Nht6aJb4i2q4Wsi4iDW": "1;83;15
  "-Nht6argLNA-SXrOsaVB": "1;83;15
  "-Nht6bPvjx8MpMAHljFU": "1;83;15
  "-Nht6by5plDh8htCkqP1": "1;83;15
  "-Nht6cWMn53qMzz1CSGL": "1;83;15
  "-Nht6d3_Ccsxx1YG-tou": "1;83;15
  "-Nht6dbktqqaGPhq6vYJ": "1;83;15
  "-Nht6e9vrZkCe85yzxn3": "1;83;15
  "-Nht6ejhd_b2dN1lwBu3": "1;83;15
  "-Nht6fHrdEazxZmMuB-G": "1;83;15
  "-Nht6fq8dAPdpCszZujB": "1;83;15
  "-Nht6gOJ_6d_mMVb8q3-": "1;83;16
  "-Nht6gwWlvQP-7r6BFGQ": "1;83;16
  "-Nht6hUi_2gXisImzOdq": "1;83;16
  "-Nht6i7iPPd0NgIPtC7W": "1;83;16
  "-Nht6ig_2oNG0yx7dW9k": "1;83;16
  "-Nht6jEhua0imqPvQRJ4": "1;83;16
  "-Nht6jmyN61qm9CcqWnp": "1;83;16
  "-Nht6kLAWvBIzwOW4Szd": "1;83;16
  "-Nht6ktHGNU66YpQ_xc_": "1;83;16
  "-Nht6lRVByNmBDEiqgGd": "1;83;16
  "-Nht6lzhVi_e23KzXoub": "1;83;16
  "-Nht6mXxC_1sqy2dOU3t": "1;83;16
  "-Nht6n4mdaW3Dt7Y2v8H": "1;83;16
  "-Nht6ndOc880wUcR8xod": "1;83;16
  "-Nht6oBXGG_-X5JgrxP3": "1;83;16
  "-Nht6ojim00VmeQHXgTs": "1;83;16
  "-Nht6pHvV5Xt8lrECbwj": "1;83;16
  "-Nht6priuMiAM4tofaYg": "1;83;16
  "-Nht6qPxa6YDj0DOfnQT": "1;83;16
  "-Nht6qy5bt2uwDvd-6MN": "1;83;16
  "-Nht6rWI1OCOrdyaiptT": "1;83;16
  "-Nht6s3Zidy8SQbGhsHv": "1;83;16
  "-Nht6sbjzJEBrIu5Vq5Q": "1;83;16
  "-Nht6t9vbbtg8q3YwEIF": "1;83;16
  "-Nht6ti5exuzJbEjv9iR": "1;83;16
  "-Nht6uEgyUIaszqO5shk": "1;83;16
  "-Nht6umuUWAc8RHYBTSQ": "1;83;16
  "-Nht6vJdW9hua1jFEg2W": "1;83;17
  "-Nht6vrqc8yG9XP3Sl3X": "1;83;17
  "-Nht6wPzx2G9lLe8pNt7": "1;82;17
  "-Nht6wzhmhLoqFG1doPo": "1;82;17
  "-Nht6xXuLJStLl7SgyKS": "1;82;17
  "-Nht6y5AJzCacdTaYKB8": "1;82;17
  "-Nht6ydKoGDSM2NK9Js5": "1;82;17
  "-Nht6zBb9oZBGTRvTwSU": "1;82;17
  "-Nht6zjoAOUChJKWA8xg": "1;82;17
  "-Nht7-HsEJbMAujje3hr": "1;82;17
  "-Nht7-qAwcSZL9X2Dc_2": "1;82;17
  "-Nht70OIWK4QEy6na4i9": "1;82;17
  "-Nht70wbfMnFGcSfkRcM": "1;82;17
  "-Nht71UgwLX2zCM0U9tr": "1;82;17
  "-Nht721xYWLBGU-yqABV": "1;82;17
  "-Nht72a9pwJIbzLCwU1y": "1;82;17
  "-Nht738KdW-mcmHqVFe2": "1;82;17
  "-Nht73gWRy-i9aVhJQa_": "1;82;17
  "-Nht74EiiGgASX9Ioopc": "1;82;17
  "-Nht74oEpffv5wpGBOlG": "1;82;17
  "-Nht75Mi1nLun7ygugHH": "1;82;17
  "-Nht75uuDxf72EVbYpKU": "1;82;17
  "-Nht76TAbTKqcRR4nuW4": "1;82;17
  "-Nht770P7SP5nrMPHH3U": "1;82;17
  "-Nht77ZZ0Swnrlhf8giz": "1;82;17
  "-Nht793WNqUwyyXhYwPL": "1;82;18
  "-Nht7AZdvZrjwIDUPrXj": "1;82;18
  "-Nht7B6oNmcTgeG67rMn": "1;82;18
  "-Nht7BezN7RIxdknxuA1": "1;82;18
  "-Nht7CDBaRG2Zoj_UhFO": "1;82;18
  "-Nht7ClLQygoHJGlM80Z": "1;82;18
  "-Nht7DJ_dUE3AGyBJ1bs": "1;82;18
  "-Nht7Drjkw2yFhZv7g6r": "1;82;18
  "-Nht7EPydfF28ld0mO8b": "1;82;18
  "-Nht7Ey6sBoggJPVF-iS": "1;82;18
  "-Nht7FWJaUlBbt6EKlIr": "1;82;18
  "-Nht7G3Uajr0ciqOkYEC": "1;82;18
  "-Nht7Gbi4sAKqxfPcui1": "1;82;18
  "-Nht7H9vaLNZ8UA1Mv-u": "1;82;18
  "-Nht7HiAvsfXHaI24qPk": "1;82;18
  "-Nht7IGMbhH3-u-09TmN": "1;82;18
  "-Nht7IoUbWnbb_a_nTaW": "1;82;18
  "-Nht7JMpTKZ43yRtVOT0": "1;82;18
  "-Nht7JuyyBa-YKAym3b9": "1;82;18
  "-Nht7KT9gwrFbrbHamgg": "1;82;18
  "-Nht7L0HOay1puQPOudw": "1;82;18
  "-Nht7LZVaMUu_4-FZ3qI": "1;82;18
  "-Nht7M8PPQslslXLOMvh": "1;82;18
  "-Nht7MgWcScBUf3113CQ": "1;82;18
  "-Nht7NEk8c3rSGi3AwBU": "1;82;19
  "-Nht7NmwzCeAkCNv25kD": "1;82;19
  "-Nht7OQ0zukXg-_-4ZcE": "1;82;19
  "-Nht7Oy6h50QtnO_tbe4": "1;82;19
  "-Nht7PWJLJcnVJxXfpZN": "1;82;19
  "-Nht7Q3XWB5CzbcknMOy": "1;82;19
  "-Nht7QbkfOz71s5zUQoI": "1;82;19
  "-Nht7R9xa-gOFeyt7NwH": "1;82;19
  "-Nht7RiBbwdnqNNDgeN7": "1;82;19
  "-Nht7SGKjBglgmr6VUJK": "1;82;19
  "-Nht7SoZgtjAPE-Mru_w": "1;82;19
  "-Nht7TMhpJ7Vakl8u-6r": "1;82;19
  "-Nht7TuxOB7FovWI2Emw": "1;82;19
  "-Nht7UT6dxgTofX9POYY": "1;82;19
  "-Nht7UzoQOB4bKb87EyG": "1;82;19
  "-Nht7VXwd7aqY4pEyqZB": "1;82;19
  "-Nht7W58RG3jbPeUG8NI": "1;82;19
  "-Nht7WdWF6RMHsQ5qcdy": "1;82;19
  "-Nht7XB-ey8CHc_h43AW": "1;82;19
  "-Nht7XjjXa2nLnB6RL9I": "1;82;19
  "-Nht7YMkuyTJgh-K95_J": "1;82;19
  "-Nht7YuypJ-YCahGSfa5": "1;82;19
  "-Nht7ZT8_YFz_p6p1PkR": "1;82;19
  "-Nht7_0KDkvrazAFmYKH": "1;82;19
  "-Nht7__3zB67mzjmXvuN": "1;82;19
  "-Nht7a8LA9gh4UPZviaK": "1;82;19
  "-Nht7agY9hrA6_j-TqWR": "1;82;19
  "-Nht7bEmder-0WN587a7": "1;82;20
  "-Nht7bmyW4Xzqa63bJew": "1;82;20
  "-Nht7cMlL5nxgO4ftrF1": "1;82;20
  "-Nht7cuxe6NkwiUoPE6v": "1;82;20
  "-Nht7dTalz8k_FcbuLLL": "1;82;20
  "-Nht7e0MazZBXJhad7Bx": "1;82;20
  "-Nht7eZX3g5KQdFFE-W6": "1;82;20
  "-Nht7f6l81uZSiVRVPgs": "1;82;20
  "-Nht7feyiJ0JYPAnsQy6": "1;82;20
  "-Nht7gD6uQ492a8YPIVz": "1;82;20
  "-Nht7gqJXSPBT3DuSilQ": "1;82;20
  "-Nht7hOLI43TOmtSoTci": "1;82;20
  "-Nht7hwamsy7W2Ox1xy5": "1;82;20
  "-Nht7iUmlqMVo8Tkmyev": "1;82;20
  "-Nht7j1wQ3PQyouJsI91": "1;82;20
  "-Nht7jaC8VUGX1xJ_lZr": "1;82;20
  "-Nht7k8OuqfffhTeA9sO": "1;82;20
  "-Nht7kf4KRj9IoZ4F0WU": "1;82;20
  "-Nht7lD9aNfzMRpyH2G_": "1;82;20
  "-Nht7llLxCq9ZYhSXl_h": "1;82;20
  "-Nht7mJYfyEH-Bnf2yHy": "1;82;20
  "-Nht7mrppkYz2VsZqsiD": "1;82;20
  "-Nht7nPyiykjCSsNZwMc": "1;82;20
  "-Nht7nzoYTsKqI0fOSrq": "1;82;20
  "-Nht7oXz0WOMT6rpRNLf": "1;82;20
  "-Nht7p5BHGjPpwGWoZfD": "1;82;20
  "-Nht7pdNoKgESmUow3bY": "1;82;21
  "-Nht7qBmoGIvkQJS1-dd": "1;82;21
  "-Nht7qjmWVrDR-1gZTDp": "1;82;21
  "-Nht7rHzI41coVoxwl9E": "1;82;21
  "-Nht7rqDO_wbWCYkm7NR": "1;82;21
  "-Nht7sORogkiVZYwMLBx": "1;82;21
  "-Nht7swZFNH7Gd85qcJk": "1;82;21
  "-Nht7tUnej5LSbk6AAKA": "1;82;21
  "-Nht7u22Mh4GPJ_zYMx9": "1;82;21
  "-Nht7ua9JwXCWpqCe3WN": "1;82;21
  "-Nht7v8NlWtn-RI9RFK6": "1;82;21
  "-Nht7vg__ZxRgRcm-6tW": "1;82;21
  "-Nht7wEnMlj6pUswIPft": "1;82;21
  "-Nht7wmxWSmYTiy8zncT": "1;82;21
  "-Nht7xL9ZIL4J4HoXLeJ": "1;82;21
  "-Nht7xtM6HJ4nL3cU_Mp": "1;82;21
  "-Nht7yRZb0p3yRKhuZKL": "1;82;21
  "-Nht7yzt4C8AX6zf5cUN": "1;82;21
  "-Nht7zY-FJ9lm_7o6LAf": "1;82;21
  "-Nht8-575izBXZxmqTJ6": "1;82;21
  "-Nht8-dOKUNhye3pCxUm": "1;82;21
  "-Nht80BbejDoiDnPvYaI": "1;82;21
  "-Nht80jwNuTFd2q1I4Wl": "1;82;21
  "-Nht81HzoYvvfdqPxC55": "1;82;21
  "-Nht81qF1ndVUAs0fvlQ": "1;82;21
  "-Nht82OTzMoD9maYw7ec": "1;82;21
  "-Nht82waPPKdfLVWZ3wE": "1;82;21
  "-Nht83UoLA4aFqytFg8G": "1;82;22
  "-Nht848ivZr6_W0kv_5L": "1;82;22
  "-Nht84geVrPCRXU9J2YD": "1;82;22
  "-Nht85EozeymgsH3JosC": "1;82;22
  "-Nht85mzrPYgFbxT4xTY": "1;82;22
  "-Nht86L7ws2gDC5-x8x9": "1;82;22
  "-Nht86tOiet7dqKgW08V": "1;82;22
  "-Nht87R_R1ju12E9dsTd": "1;82;22
  "-Nht87yAQ1edzikVzhfj": "1;82;22
  "-Nht88WKBod7LGE0lPf2": "1;82;22
  "-Nht898QN8c5aQL9HNhN": "1;82;22
  "-Nht89g_lDeU83OVHZ_y": "1;82;22
  "-Nht8AElt1x6GqWkrGLX": "1;82;22
  "-Nht8Amzl-ISS0ahHZnA": "1;82;22
  "-Nht8BJmmXE_3WpUk_oC": "1;82;22
  "-Nht8BqDvH-Y0dBoKjQL": "1;82;22
  "-Nht8COOgeiUuy9khpHH": "1;81;22
  "-Nht8CwaetCaxdVI-enp": "1;81;22
  "-Nht8DUickz1bcjFh8j3": "1;81;22
  "-Nht8E1xTZNY91Ub9TPA": "1;81;22
  "-Nht8EaC5TcohOILAA27": "1;81;22
  "-Nht8F8NjUc-_pCCFHQ_": "1;81;22
  "-Nht8Fgb1W3EsKfoBw-2": "1;81;22
  "-Nht8GEsq2wsLsG6rSnF": "1;81;22
  "-Nht8GmwYte6oret8y95": "1;81;22
  "-Nht8HLDpZ4zYlRkEYZe": "1;81;22
  "-Nht8HtNPhk6cksJwUZU": "1;81;23
  "-Nht8IRXbB56qfSXbaoH": "1;81;23
  "-Nht8Izm7mt5JzByAf9T": "1;81;23
  "-Nht8JY7l9eleV91VpGJ": "1;81;23
  "-Nht8K5AXjXw27M6MVYo": "1;81;23
  "-Nht8KdRykmziCU22m-W": "1;81;23
  "-Nht8LB_kI-WPttkLeF7": "1;81;23
  "-Nht8LjpOCtB-jDReUFj": "1;81;23
  "-Nht8MI-fj_cBLX-pR3V": "1;81;23
  "-Nht8MqB6lwUokyN8dZm": "1;81;23
  "-Nht8NOPLdHH8XJTM1zC": "1;81;23
  "-Nht8Nwc8BX7czsQx7yf": "1;81;23
  "-Nht8OTMdVhtfLaf3A4L": "1;81;23
  "-Nht8P0TXrkpGEK-8fVA": "1;81;23
  "-Nht8PZcbErPZE2ZsZk9": "1;81;23
  "-Nht8Q8MHt80SG33wTew": "1;81;23
  "-Nht8QgaD6GUsnn7tpAz": "1;81;23
  "-Nht8REisU7hp4tEJpaY": "1;81;23
  "-Nht8RmzDd_pEFXK2mWH": "1;81;23
  "-Nht8SLBM78fkw1cZx_P": "1;81;23
  "-Nht8StRk5PG9WFDtzKm": "1;81;23
  "-Nht8TRd80_0qydzmfB9": "1;81;23
  "-Nht8TyLlHQ2gXqEj-8m": "1;81;23
  "-Nht8UWNBML3sS-oN3CZ": "1;81;23
  "-Nht8V3_Dd0FvDepe-sc": "1;81;23
  "-Nht8VasGDnGdyPZVVzh": "1;81;23
  "-Nht8WAB5RDpZH3MRP76": "1;81;23
  "-Nht8WiWsPEyhZAOGU9Q": "1;81;24
  "-Nht8XGNq8pwFAoy969J": "1;81;24
  "-Nht8XolqLBtoUg7upyt": "1;81;24
  "-Nht8YMlwpE5NalzfN-j": "1;81;24
  "-Nht8Yv-AvcEpKRijjUr": "1;81;24
  "-Nht8ZTQsVnDbapvl_J-": "1;81;24
  "-Nht8_0MVuzVAqsk4DEI": "1;81;24
  "-Nht8_ZasvHD022G0xv5": "1;81;24
  "-Nht8a6xTnpH2omiYaeA": "1;81;24
  "-Nht8aez5R4TSAh_aydM": "1;81;24
  "-Nht8bD8uJDqw0fLXoMG": "1;81;24
  "-Nht8blOCh9JZN7to3eV": "1;81;24
  "-Nht8cKCVKw_h3F1aJ0H": "1;81;24
  "-Nht8ctU6RE7CsGpYXlv": "1;81;24
  "-Nht8dTEEqH_ltJpJQnd": "1;81;24
  "-Nht8e20vL_LRQfKn7oC": "1;81;24
  "-Nht8eaEipSq345NFnHL": "1;81;24
  "-Nht8f8NfbjdxKkT-K9q": "1;81;24
  "-Nht8fgaHEI7GNxSunHp": "1;81;24
  "-Nht8gErd2TXqTVawhE6": "1;81;24
  "-Nht8gn1nZozrebceRUs": "1;81;24
  "-Nht8hLB5xk_nEIcQ3BY": "1;81;24
  "-Nht8htOJ6zGKO_ohCuN": "1;81;24
  "-Nht8iRgUPokp5N_iMT1": "1;81;24
  "-Nht8izry6kkXM4wjBpo": "1;81;24
  "-Nht8jWV6oWQFS3vUfRC": "1;81;24
  "-Nht8k3cRJTVVxypYo3c": "1;81;25
  "-Nht8kbmH3ha-cLKYby7": "1;81;25
  "-Nht8lAKiU1dE2G6p69W": "1;81;25
  "-Nht8liDIvhYoJWF2q_o": "1;81;25
  "-Nht8mGO3otMA57MKOpL": "1;81;25
  "-Nht8mnN2qP4F8M-5asm": "1;81;25
  "-Nht8nLCXdTbD3PGlrho": "1;81;25
  "-Nht8ntPMv1nt7vL2vfu": "1;81;25
  "-Nht8oRh-pVJ_lj9Z6NL": "1;81;25
  "-Nht8ozrHOi6NTFIlLfS": "1;81;25
  "-Nht8pY-5-IjJ6gZKpmy": "1;81;25
  "-Nht8q5Bxcv5f7lIyjjc": "1;81;25
  "-Nht8qdcO1ieTuLKEXvK": "1;81;25
  "-Nht8rBa2-EtF7LeO6tO": "1;81;25
  "-Nht8rjm1aVg-i1zfyI1": "1;81;25
  "-Nht8sHx2EZhrXmz_DwF": "1;81;25
  "-Nht8sqCAFXUrwTfAM1a": "1;81;25
  "-Nht8tOMDCeC2HPDoVMB": "1;81;25
  "-Nht8twYF1ym5V6kuYta": "1;81;25
  "-Nht8uUlnYnc1Pm88CR6": "1;81;25
  "-Nht8v1yBygT7FhL316y": "1;81;25
  "-Nht8vaAeMOHwn16T_Dp": "1;81;25
  "-Nht8w8kAf1s-7qyc0sp": "1;81;25
  "-Nht8wf-Sf2TqyLxRvXh": "1;81;25
  "-Nht8xGPr8zLV2ISjlxL": "1;81;25
  "-Nht8xoZsXxpsONr5Pcb": "1;81;25
  "-Nht8yMnETt3sU5gwlOG": "1;81;25
  "-Nht8ytQtM1W-DCNGDTP": "1;81;26
  "-Nht8zRbrgAsitKewjeo": "1;81;26
  "-Nht8zzpyL5qAd9U_OXn": "1;81;26
  "-Nht9-Y0GguATzWcNcpR": "1;81;26
  "-Nht905EDVtcYAx8VlEu": "1;81;26
  "-Nht90dSk1PQBqyjz6I0": "1;81;26
  "-Nht91B_K4MSMq6G46S4": "1;81;26
  "-Nht91joNaRDIUUAmwDk": "1;81;26
  "-Nht92I0iTSwEY0whxR2": "1;81;26
  "-Nht92rm8wzazzSVDiB3": "1;81;26
  "-Nht93OQZYUpgVxup66d": "1;81;26
  "-Nht93wa031IaJdVHtfO": "1;81;26
  "-Nht94Uqrg8zcmTrNWms": "1;81;26
  "-Nht950Oski-pI7KQApS": "1;81;26
  "-Nht95YP-BC4Gk8cZrZD": "1;81;26
  "-Nht965B8Ecr-mLQo1bh": "1;80;26
  "-Nht96dVUldCPmh-YAKq": "1;80;26
  "-Nht97Bb-LndLEP8EwTR": "1;80;26
  "-Nht97jl-pxLzwARe0VA": "1;80;26
  "-Nht98I0WfctMOLnXBEx": "1;80;26
  "-Nht98ocwpcxmswUlnWV": "1;80;26
  "-Nht99MEHVQpsnn2erwJ": "1;80;26
  "-Nht99v-lcyV_uV8UoHe": "1;80;26
  "-Nht9ATFqj43HOWKuG6J": "1;80;26
  "-Nht9B0OsYw7QnxqZMNl": "1;80;26
  "-Nht9BZ_0RvTNkdQtGAq": "1;80;26
  "-Nht9C5Dte2nwSNCLGRz": "1;80;26
  "-Nht9CdP-tr6Eljn78i8": "1;80;27
  "-Nht9DBaaGTi3Me7IY6Y": "1;80;27
  "-Nht9Djl-TB-8HW5czpV": "1;80;27
  "-Nht9EI3-wAoFCTOPRu0": "1;80;27
  "-Nht9EqD01BtxAQPu1LS": "1;80;27
  "-Nht9FQG3g7YDjw5LiUI": "1;80;27
  "-Nht9FyDPAaup-tsaITy": "1;80;27
  "-Nht9GWP06r6kKqH27ru": "1;80;27
  "-Nht9H2CdMIwrkTTYUlo": "1;80;27
  "-Nht9HaCdFiRu5sOYDWr": "1;80;27
  "-Nht9IA-VorOjNpaCC5C": "1;80;27
  "-Nht9IlSaIT80VTJPQZZ": "1;80;27
  "-Nht9JJbGYia59cHorhA": "1;80;27
  "-Nht9Jrnca0sTDoibHDI": "1;80;27
  "-Nht9KQ26E3tsb3e0EmM": "1;80;27
  "-Nht9KyLmoxxtva45Pu-": "1;80;27
  "-Nht9LWO7buzQBv6kZ_B": "1;80;27
  "-Nht9M3_4-uRf1T5vKRJ": "1;80;27
  "-Nht9MbrNijh3cIFIRpB": "1;80;27
  "-Nht9NA93kIUzXGr_V_Q": "1;80;27
  "-Nht9NmjhIcLvX0TJhkx": "1;80;27
  "-Nht9OLD7UrSFhDAbhbX": "1;80;27
  "-Nht9OtOwTdm15gSNFiT": "1;80;27
  "-Nht9PSkQQPJBOSZszXi": "1;80;27
  "-Nht9Q0R7bWjEhZlKAEa": "1;80;27
  "-Nht9QZbRzgAc7y3XlVI": "1;80;27
  "-Nht9R6mJAIQWYzvI2LK": "1;80;28
  "-Nht9Rf1NGjOzWPIKNfF": "1;80;28
  "-Nht9SDF5DfLvtnsW3fJ": "1;80;28
  "-Nht9SlPldhD7q_d4Amf": "1;80;28
  "-Nht9TJaHP_7Q40CVPFb": "1;80;28
  "-Nht9Trq6AKTAmc3Isvs": "1;80;28
  "-Nht9UTFqSgQ6hUS0ANv": "1;80;28
  "-Nht9UzstuwaS5Lst8Z3": "1;80;28
  "-Nht9VY3Qk-Vn97xHdid": "1;80;28
  "-Nht9W5CGNKGI3B-g8ls": "1;80;28
  "-Nht9WdTq_gnNIbrdwIz": "1;80;28
  "-Nht9XBdhRWR-qcHgCZB": "1;80;28
  "-Nht9Xjp7f7J57qXHdNH": "1;80;28
  "-Nht9YLEn5tc0nI39Kbn": "1;80;28
  "-Nht9YtSSqP4873_5KCN": "1;80;28
  "-Nht9ZRi8JH588tO8SYS": "1;80;28
  "-Nht9_0GpWw1W7a2xDTk": "1;80;28
  "-Nht9_ZbewWRrssWwRcw": "1;80;28
  "-Nht9a6vp0MY6YFx4Ltc": "1;80;28
  "-Nht9af0Dd-MVTZYA-ww": "1;80;28
  "-Nht9bDIYcHQOB09x9SH": "1;80;28
  "-Nht9blV60MmFyiaYK4C": "1;80;28
  "-Nht9cJdKtLz_yteiaFX": "1;80;28
  "-Nht9crnKX-1vvEG-4jU": "1;80;28
  "-Nht9dQ6-bxXscEiGdX4": "1;80;28
  "-Nht9dzqLsr7xyQDovFd": "1;80;28
  "-Nht9eY-TQg8QtsxU9ce": "1;80;28
  "-Nht9fP54cNKtag_kkkg": "1;80;29
  "-Nht9fyEOZzlsHxvAYmo": "1;80;29
  "-Nht9gWQrsUDoJg_ufaa": "1;80;29
  "-Nht9h3adQCYnTrzhQs8": "1;80;29
  "-Nht9hbmkWB3egR7w_93": "1;80;29
  "-Nht9iA2UgkMmxAEehKW": "1;80;29
  "-Nht9iiBiHPAu-PIMPwN": "1;80;29
  "-Nht9jGXKNh-g9hqQT2J": "1;80;29
  "-Nht9joePaOsa1WHmRU_": "1;80;29
  "-Nht9kMtX4_lqDFjz66b": "1;80;29
  "-Nht9kv63_jf-QXp1NpE": "1;80;29
  "-Nht9lwrayOAZj7t8Eh8": "1;80;29
  "-Nht9mUqWmY9HACU8CjR": "1;80;29
  "-Nht9n0PsPxF_9dAjIdC": "1;80;29
  "-Nht9nZhG-8kU4uUF00N": "1;80;29
  "-Nht9o6pNkr_d0OqI9ED": "1;80;29
  "-Nht9of5jRaBqWny0fC9": "1;80;29
  "-Nht9pDKvUA7i_xnk52_": "1;80;29
  "-Nht9plRXOiWIXMxGnLh": "1;80;29
  "-Nht9qJcBT6hnkXXpkV9": "1;80;29
  "-Nht9qrqeJhkErKZv6v5": "1;80;29
  "-Nht9rQ9H2d7BifIX8cJ": "1;80;29
  "-Nht9s3Y6jNB1pTUuuLU": "1;80;29
  "-Nht9sbrfg99fUvV1RzS": "1;80;29
  "-Nht9tA1JemJOz9asLZx": "1;80;29
  "-Nht9tiGmuzksuWuFS_M": "1;80;30
  "-Nht9uGXpEE09X7iUDDj": "1;80;30
  "-Nht9uoiq4HN-sII9FZ_": "1;80;30
  "-Nht9vMqWTDUIPMGG6OU": "1;80;30
  "-Nht9vv7reFWReqpyCNz": "1;80;30
  "-Nht9wRr2pZk83Prtzz8": "1;80;30
  "-Nht9wzqLYnYyDuixwds": "1;80;30
  "-Nht9xY1YeOr9Rjbqxcw": "1;80;30
  "-Nht9y5naUmNUC__ggAt": "1;80;30
  "-Nht9yf2Nc-3s079LKRk": "1;80;30
  "-Nht9zIb1KUUn5GISJNr": "1;80;30
  "-Nht9zrmoqMwTpdej0JN": "1;80;30
  "-NhtA-Q33nA-bNAkUSja": "1;80;30
  "-NhtA-yFjOTUs9wBxNCb": "1;80;30
  "-NhtA0WRI7NDJV_vmSAl": "1;80;30
  "-NhtA13aNElakcdcOxWR": "1;80;30
  "-NhtA1breJQuxp9PZod2": "1;79;30
  "-NhtA2A1VBNcziqEVmpu": "1;79;30
  "-NhtA2gc4Z_R8eOsY8bq": "1;79;30
  "-NhtA3Ep-UbQIEB25669": "1;79;30
  "-NhtA3n40dOO5rhFtfaS": "1;79;30
  "-NhtA4LFMrwf-OBdH63O": "1;79;30
  "-NhtA4tSC-cOD1MJKYuB": "1;79;30
  "-NhtA5RiwFx35Q5oBiwB": "1;79;30
  "-NhtA6-M5izKQqZOL6nY": "1;79;30
  "-NhtA6Y3_-YiSjAPHl0O": "1;79;30
  "-NhtA7RZRqeofoH7PVMo": "1;79;31
  "-NhtA7zrLcBV8r5cPDLh": "1;79;31
  "-NhtA8YADSu2UcqTmV1d": "1;79;31
  "-NhtA95Ikc9kdks-HzM7": "1;79;31
  "-NhtA9dSqKFYlSp4Je1S": "1;79;31
  "-NhtAABdKDPpDQlfGMsA": "1;79;31
  "-NhtAAjs29eeMpumkWdI": "1;79;31
  "-NhtABI2YtBtxGPE7KS8": "1;79;31
  "-NhtABqDBvIAri-PnCHQ": "1;79;31
  "-NhtACOVgpXe46siM1ES": "1;79;31
  "-NhtACwcDA0TTywq1ptc": "1;79;31
  "-NhtADUvEmwHdEJEM43e": "1;79;31
  "-NhtAE22y5Jy6lHjf8ZW": "1;79;31
  "-NhtAEaHmhqNAcM1LNqd": "1;79;31
  "-NhtAF8TnZcLWl3nW4-I": "1;79;31
  "-NhtAFggUnWvLAe6IgQ3": "1;79;31
  "-NhtAGDkoNkUBP-KhJBS": "1;79;31
  "-NhtAGlS9uSzRVmIpe8b": "1;79;31
  "-NhtAHJeapOKg7jpDsa_": "1;79;31
  "-NhtAHv4C0PCFooEsfpG": "1;79;31
  "-NhtAITGaUHxqVanqQrU": "1;79;31
  "-NhtAJ0RrLnDBcbjm0qU": "1;79;31
  "-NhtAJZfNQlGQs5Yeg7l": "1;79;31
  "-NhtAK6oaoJD7S4pc6my": "1;79;31
  "-NhtAKf5lO8Uu5N8KhMh": "1;79;31
  "-NhtALCEtwr8RSVvbyVp": "1;79;31
  "-NhtALlTKYE1w2mVOV1j": "1;79;32
  "-NhtAMJcOv3XHcX9OGHC": "1;79;32
  "-NhtAMrrErqttwmdbfrL": "1;79;32
  "-NhtANQP_GAFHMe1WUWu": "1;79;32
  "-NhtANyDp4hqv8hPHya1": "1;79;32
  "-NhtAOWRopL195O-Za1C": "1;79;32
  "-NhtAP3dkD6WUwZuffDO": "1;79;32
  "-NhtAPbpY4yhNJgxP52e": "1;79;32
  "-NhtAQA2RmgrRBRsRhCO": "1;79;32
  "-NhtAQiHACdLfJS6HUXu": "1;79;32
  "-NhtARGXh4-BamudAfkA": "1;79;32
  "-NhtARoeHV-n73T4oD7j": "1;79;32
  "-NhtASOXqdNYpEctPvYY": "1;79;32
  "-NhtASwUd9SYd9zoRom4": "1;79;32
  "-NhtATUqT7Fr7MFCnsNL": "1;79;32
  "-NhtAU2b23LIvu2tO6b_": "1;79;32
  "-NhtAUaGKgcWuhpiaKTr": "1;79;32
  "-NhtAV6p-_0PbfXl9wzJ": "1;79;32
  "-NhtAVf0OiujFojBG2hE": "1;79;32
  "-NhtAWDEWdQWdDFnDJQY": "1;79;32
  "-NhtAWlcj5IZTyQG5d65": "1;79;32
  "-NhtAXJeavQQKvhzfEQ6": "1;79;32
  "-NhtAXrprhidnTKMxSM9": "1;79;32
  "-NhtAYQ2lLxp9taVrDgC": "1;79;32
  "-NhtAYwpQMi0icPgomZS": "1;79;32
  "-NhtAZUruKsCU2AdKFzX": "1;79;32
  "-NhtA_26rQ1yBI3IYt_4": "1;79;32
  "-NhtA_aJPhsz7TzIkS_D": "1;79;33
  "-NhtAa8R9TDwcvcSBM4P": "1;79;33
  "-NhtAagcSWgFrxgM3txo": "1;79;33
  "-NhtAbEtYeGuDI4T1J-l": "1;79;33
  "-NhtAbn2z0SayuPJUYiz": "1;79;33
  "-NhtAcLGux82qTh8A6nN": "1;79;33
  "-NhtActXWINLpSx_NJGR": "1;79;33
  "-NhtAdTIJsXQIsMEpTRp": "1;79;33
  "-NhtAdzrA8GI3EW8K_1q": "1;79;33
  "-NhtAeY3hriQYSm0NWEc": "1;79;33
  "-NhtAf5KP3rKotm3o5i3": "1;79;33
  "-NhtAfdSTC2OWhsIB0yt": "1;79;33
  "-NhtAgBgZ5dbKuaIGS9q": "1;78;33
  "-NhtAgjwPvGyTr6WU5ih": "1;78;33
  "-NhtAhI0ZieadGZvK0pJ": "1;78;33
  "-NhtAhqF6O4A3_BAsUar": "1;78;33
  "-NhtAiOSfxBagy3WvP_P": "1;78;33
  "-NhtAiwfjKqaRO4W6_Nt": "1;78;33
  "-NhtAjUoaSZmfk7nIyy7": "1;78;33
  "-NhtAk247OKKyZ4zESs-": "1;78;33
  "-NhtAkaF7YIXk4b_-Prq": "1;78;33
  "-NhtAl8UYIoTQC__ZG0w": "1;78;33
  "-NhtAlgipLgUlMR8j55i": "1;78;33
  "-NhtAmEpAfdJmdP_cQPO": "1;78;33
  "-NhtAmn50N_6-6Pt-tS3": "1;78;33
  "-NhtAnP47oShRyvbO3qZ": "1;78;33
  "-NhtAnwhgMEjgunJ_EyR": "1;78;34
  "-NhtAoUszcoWg_pWWqIh": "1;78;34
  "-NhtAp0Rv9VVIDkiCEDL": "1;78;34
  "-NhtApZejnqXfh6DHzsO": "1;78;34
  "-NhtAq6omN4Ljns8DbwC": "1;78;34
  "-NhtAqf7ZnOdejTlbXTs": "1;78;34
  "-NhtArDF5f9koFEazVXO": "1;78;34
  "-NhtArlXpaAofW7HoDvS": "1;78;34
  "-NhtAsJeMF3eV0GdvX1o": "1;78;34
  "-NhtAsrpFhgo87B3z4jT": "1;78;34
  "-NhtAtQ69kdEcY6hznbC": "1;78;34
  "-NhtAtyIfFfPp279JFCj": "1;78;34
  "-NhtAuWVHruZsS8VnyxB": "1;78;34
  "-NhtAv29VXbwrRJJIJg4": "1;78;34
  "-NhtAvaHJdOH2nK8lRmf": "1;78;34
  "-NhtAw8SZyFP8h1EbAzH": "1;78;34
  "-NhtAwgguQjP34J_G8GD": "1;78;34
  "-NhtAxLN46_hmdrGNa5Z": "1;78;34
  "-NhtAxtTMNYQOXoTplhm": "1;78;34
  "-NhtAyQ9mRY4wvugp6a2": "1;78;34
  "-NhtAyyG5eGmUgxZ2CaL": "1;78;34
  "-NhtAzUuhHCSShOZDvKS": "1;78;34
  "-NhtB-23tJhAXgOo6-M1": "1;78;34
  "-NhtB-aKO_FycIRmRMMf": "1;78;34
  "-NhtB08QWUigvg_3qEu9": "1;78;34
  "-NhtB0glm65OOyRxAxQJ": "1;78;34
  "-NhtB1Erxg3hN1NTGY7H": "1;78;34
  "-NhtB1n3iI__y3FtesQO": "1;78;35
  "-NhtB2LQa9ZEdRREIf5j": "1;78;35
  "-NhtB2tTdD4bVroOM6c1": "1;78;35
  "-NhtB3Re1IncBDU1lmAi": "1;78;35
  "-NhtB3zvt0xhn2CV8Bgz": "1;78;35
  "-NhtB4aE9TqaqJmLtSpj": "1;78;35
  "-NhtB56qSy0HbADwe05N": "1;78;35
  "-NhtB5f1yLNR5RT67TEl": "1;78;35
  "-NhtB6DIziPT4ZpNek5r": "1;78;35
  "-NhtB6lVLiQdkVSC9qnQ": "1;78;35
  "-NhtB7JO_L1imEKLbCxj": "1;78;35
  "-NhtB7qKY7Gaj9T_g2Cv": "1;78;35
  "-NhtB8OZF9VXdFCgC2Dl": "1;78;35
  "-NhtB8v9cAlcE2_PK6BV": "1;78;35
  "-NhtB9Rj7fGoyvzJpLRw": "1;78;35
  "-NhtB9zu_prD-jrmL51v": "1;78;35
  "-NhtBAY4yvZ3Xb1MAKt1": "1;78;35
  "-NhtBB3jR1NwV2woej2Q": "1;78;35
  "-NhtBBbrpIwGcjQSxwNs": "1;78;35
  "-NhtBCADQKMKS1AgnuhC": "1;78;35
  "-NhtBCiF0AFGJJaE5Hon": "1;78;35
  "-NhtBDGYxmnw8f4b3q55": "1;78;35
  "-NhtBDogc5jnPVmkB_JC": "1;78;35
  "-NhtBEMv1l1XYQzsK_4E": "1;78;35
  "-NhtBEv4X1m9-WzfyDpo": "1;78;35
  "-NhtBFTLWb5GGXX2sXyi": "1;78;35
  "-NhtBG-Upkmsfs5gbxcL": "1;78;35
  "-NhtBGZiBc-Xcjpl48c-": "1;78;36
  "-NhtBH6vagq9F8Lx4nSi": "1;78;36
  "-NhtBHf39otfouTDINLs": "1;78;36
  "-NhtBIDKtUdo_4RxC7Pm": "1;78;36
  "-NhtBIlYZ6nRXGB6NmTf": "1;78;36
  "-NhtBJJgpNCUEE40Lm5V": "1;78;36
  "-NhtBJrrMPs7nR2ryz-z": "1;78;36
  "-NhtBKQ8xWhNI_EDeIKg": "1;78;36
  "-NhtBKyFzeIPQPBlFL88": "1;78;36
  "-NhtBLWUZdBDQZu3WMDH": "1;78;36
  "-NhtBM3fYBYTG9V_n3Nf": "1;78;36
  "-NhtBMbssrLE_7hNXG5c": "1;78;36
  "-NhtBNA7NAQc3c1dzT3B": "1;78;36
  "-NhtBNiKYpeYKCJKmTQN": "1;78;36
  "-NhtBOGsVDxSr8yQOPWU": "1;78;36
  "-NhtBOohHikU7P6ZcywH": "1;78;36
  "-NhtBPMssvfp0JkeKkhV": "1;78;36
  "-NhtBPv7EvqWzk0MmwaR": "1;78;36
  "-NhtBQTJIb36eMiVuA1r": "1;78;36
  "-NhtBR0X96Ax5JdAkquj": "1;78;36
  "-NhtBRZg653vCKX6rgfY": "1;78;36
  "-NhtBS6qM4nxOsP1UOYC": "1;78;36
  "-NhtBSf5Ef25Hm1QadM-": "1;78;36
  "-NhtBTDLJTwDtyeTemxh": "1;78;36
  "-NhtBTlStbHaRprxsflr": "1;78;36
  "-NhtBUJfyA6cog0TLOKF": "1;78;36
  "-NhtBUrzFuC9pv_pLxb5": "1;78;37
  "-NhtBVQ5zJJ8o6PcCJ1G": "1;78;37
  "-NhtBVyMcQtECOzEiGiC": "1;78;37
  "-NhtBWW_1tWQa4pN9mTW": "1;78;37
  "-NhtBX3F6tIuP497EuBF": "1;78;37
  "-NhtBXbs-JuiukVk_qyX": "1;78;37
  "-NhtBY8_5o6Pc2lbdPln": "1;78;37
  "-NhtBYgfOYJUw_vMguzW": "1;78;37
  "-NhtBZEuiXICoaWkSHw1": "1;78;37
  "-NhtB_24zQ1uCnKWZaZv": "1;78;37
  "-NhtB_bQem-V4Q1EH6he": "1;78;37
  "-NhtBa9dXvSmCY0B5gLR": "1;78;37
  "-NhtBagoets-Q8JSzmnG": "1;78;37
  "-NhtBbEyWsHj-dtUQVCK": "1;78;37
  "-NhtBbnH5YlnB-OUoiqm": "1;78;37
  "-NhtBcLITdlBpk2YCXC5": "1;78;37
  "-NhtBctS0E6nr_hPGtyz": "1;78;37
  "-NhtBdRh1IacYGrv0mt_": "1;78;37
  "-NhtBdzvzzzJxUwJzQSg": "1;78;37
  "-NhtBeYEuQZryDVSOQ9i": "1;78;37
  "-NhtBf6sjnbdOwNO6aCH": "1;78;37
  "-NhtBff60EOTuPX29wDY": "1;78;37
  "-NhtBgC-quAmIa_wHPSV": "1;78;37
  "-NhtBgjze6AbkZcGdDw8": "1;78;37
  "-NhtBhGSvkFEZq1wF7jd": "1;78;37
  "-NhtBholOtFqS_89OD5B": "1;78;37
  "-NhtBiMv-eFC_FOllgno": "1;78;37
  "-NhtBiv5KB7sR9ccRERw": "1;78;38
  "-NhtBjTPFq1egCZhwBET": "1;78;38
  "-NhtBk0Z4pCo2bLc6tOg": "1;78;38
  "-NhtBkZhxYkb9eqkAnvt": "1;78;38
  "-NhtBl6vZjjXs3h7wJbM": "1;78;38
  "-NhtBlf7Jxbmxlaq-msF": "1;78;38
  "-NhtBmBkMBKym0Lw4WBH": "1;78;38
  "-NhtBmtVQ5si9R5_kMj5": "1;78;38
  "-NhtBnRhPlibG7IQa0Nm": "1;77;38
  "-NhtBnzxHzrJAPQgOdfY": "1;77;38
  "-NhtBoY4CIzSTvBuXXf1": "1;77;38
  "-NhtBp5KwTVdeRgb0ffp": "1;77;38
  "-NhtBpbyW3jEODZAfjdD": "1;77;38
  "-NhtBqA6tUN5SemfhRkq": "1;77;38
  "-NhtBqiIpcNUDcUbqwUL": "1;77;38
  "-NhtBrGWO8ff6X_GTkb5": "1;77;38
  "-NhtBrolikjTmD_beert": "1;77;38
  "-NhtBsN7EX2KoB_DaIft": "1;77;38
  "-NhtBsv8kyOJfGJ5jeuk": "1;77;38
  "-NhtBtTJV2ZXPRi6HwfA": "1;77;38
  "-NhtBu0U0ZGF3DRz3i4d": "1;77;38
  "-NhtBuZfKAWYbk6G4e8x": "1;77;38
  "-NhtBv6tqEk9LPe3gVlc": "1;77;38
  "-NhtBvfAswsE1Nerkxhl": "1;77;38
  "-NhtBwDIKWXgu3Cdf2TJ": "1;77;38
  "-NhtBwlVyaFEb64Hpm7G": "1;77;38
  "-NhtBxJkrS-7gR6px6X4": "1;77;39
  "-NhtBy0WZaj12si7G8IW": "1;77;39
  "-NhtByZlIYAiW_K23RW9": "1;77;39
  "-NhtBz5IloTEcn9mNSJS": "1;77;39
  "-NhtBzdTv6JWvgxHBw1n": "1;77;39
  "-NhtC-Bjpi44_WAcFGmG": "1;77;39
  "-NhtC-jupBOZAnIPg62O": "1;77;39
  "-NhtC0IEqpQrVFaDe3D9": "1;77;39
  "-NhtC0qIPJeFtmhDMInv": "1;77;39
  "-NhtC1OWVHoEQ-fgnuxJ": "1;77;39
  "-NhtC1wfEwxFmHu5sPiV": "1;77;39
  "-NhtC2Uuv7ITY6aeFzOM": "1;77;39
  "-NhtC32BlwuuR3Ypo66S": "1;77;39
  "-NhtC3aQ-yOho5nx9FZp": "1;77;39
  "-NhtC48Y56tD8YOIkB8-": "1;77;39
  "-NhtC4lWUdLy-RZVqDeb": "1;77;39
  "-NhtC5JgUh7u8-QjsO28": "1;77;39
  "-NhtC5rzPFjyVgTYsFNR": "1;77;39
  "-NhtC6Q6TksGbp9Imi7d": "1;77;39
  "-NhtC6yPo7GRuTiv1QGM": "1;77;39
  "-NhtC7WWLDzfnru2jmTq": "1;77;39
  "-NhtC83kFmZspgLhM6dr": "1;77;39
  "-NhtC8bwuyVMLehRRaQg": "1;77;39
  "-NhtC9AI0zZaZydaWOdO": "1;77;39
  "-NhtC9h0QAcI0TM-qicQ": "1;77;39
  "-NhtCAEvMEWi2TRj7El2": "1;77;39
  "-NhtCAn7fC8N5G8sVDZt": "1;77;40
  "-NhtCBLSVbMLah2K84D7": "1;77;40
  "-NhtCBtVwm7bgimRqrZV": "1;77;40
  "-NhtCCRg2HoJcMEJIlRt": "1;77;40
  "-NhtCCzzlj-0qGFjNyvM": "1;77;40
  "-NhtCDWZjiCBZ8Q45PMx": "1;77;40
  "-NhtCE3kDcsir1v4HoMD": "1;77;40
  "-NhtCEbvbU5NHm1JHh1E": "1;77;40
  "-NhtCFA9JynM3PRe1MRZ": "1;77;40
  "-NhtCFiJ_rS8vvC0QQBy": "1;77;40
  "-NhtCGGXmPIS1Wg4svqq": "1;77;40
  "-NhtCGogxpHVbyorJiD2": "1;77;40
  "-NhtCHMxSRp5MTNPBjL4": "1;77;40
  "-NhtCHvCiik8Q8s-pKrP": "1;77;40
  "-NhtCIcmJBu2DBMgHFnt": "1;77;40
  "-NhtCJBqLgBWFwIUMsji": "1;77;40
  "-NhtCJk2Kg4Gv0HJNBuD": "1;77;40
  "-NhtCKI5b13I-ufgjNet": "1;77;40
  "-NhtCKqK9k_xXfLMEER0": "1;77;40
  "-NhtCLRimMuGa1mVOLzf": "1;77;40
  "-NhtCLzvVJwtJwFDI2f8": "1;77;40
  "-NhtCMZyLWC_7qJkq1zT": "1;77;40
  "-NhtCN6xcJfeteyt9fIO": "1;77;40
  "-NhtCNiJN-bBYao66egT": "1;77;40
  "-NhtCOGZSoKEzHbKEs3a": "1;77;40
  "-NhtCOohE87glIXelXD7": "1;77;40
  "-NhtCPMwDrOK_ynFfKGL": "1;77;40
  "-NhtCPtabRGLP64_SgaH": "1;77;41
  "-NhtCQRkK7PM5msLJzky": "1;77;41
  "-NhtCQztipXonJH7FuGb": "1;77;41
  "-NhtCRYD-8T872xwsQQf": "1;77;41
  "-NhtCS5KFoccad9aqmj_": "1;77;41
  "-NhtCSuWvHq38bWAWR3R": "1;77;41
  "-NhtCTTKcnlig6vgSx6a": "1;77;41
  "-NhtCU0V5tt3DKxilGvj": "1;77;41
  "-NhtCUZjTHUnsFhpAIgv": "1;77;41
  "-NhtCV6wSFGWOU9DaiY3": "1;77;41
  "-NhtCVf8wsgIOKhdOlLr": "1;77;41
  "-NhtCWDNNvU0jeUNlDY_": "1;77;41
  "-NhtCWlVX7edc-6zNIfa": "1;77;41
  "-NhtCXJgtRcUjY5zqMDq": "1;77;41
  "-NhtCXrul6B-4BNRfrjY": "1;77;41
  "-NhtCYQeb0rpUuDFT7Ba": "1;77;41
  "-NhtCYwjrISnQmAllKmd": "1;76;41
  "-NhtCZUwPBugf6WvP-tY": "1;76;41
  "-NhtC_2B4_g8K12avawF": "1;76;41
  "-NhtC_aJuczD8PoQpmJF": "1;76;41
  "-NhtCa8W1kdfqZa0oRe5": "1;76;41
  "-NhtCaglOTO1OZ7OOkcb": "1;76;41
  "-NhtCbEyJbz7ZqvVLr65": "1;76;41
  "-NhtCbnPuDQ1PGU1QieO": "1;76;41
  "-NhtCcLvgxDqby9UQreW": "1;76;41
  "-NhtCcv8Nuf9QEBWk1hv": "1;76;41
  "-NhtCdTX46GUGe7IbC6e": "1;76;42
  "-NhtCe0gUrCWBUronGus": "1;76;42
  "-NhtCeZj9t3iG9yxcNsu": "1;76;42
  "-NhtCf6vz7qRiWdBREow": "1;76;42
  "-NhtCff9fCELplRNuwI6": "1;76;42
  "-NhtCgDN5r3fZcJH8bHN": "1;76;42
  "-NhtCglXaHeasE5k6Wvz": "1;76;42
  "-NhtChJjrFausgKplyf6": "1;76;42
  "-NhtChrxnNxkbSz9oTFQ": "1;76;42
  "-NhtCiQ6JvkKHU-mDsJF": "1;76;42
  "-NhtCiwnTbLH0ZvIPP1s": "1;76;42
  "-NhtCjV-CvafqIrX7Als": "1;76;42
  "-NhtCk29zUcMKgwjBeFq": "1;76;42
  "-NhtCkaWWIVATBkL4q0m": "1;76;42
  "-NhtCl8ZobdSMVteraXK": "1;76;42
  "-NhtClgp51O3c83vYwkY": "1;76;42
  "-NhtCmEw61AfBg4KDNKC": "1;76;42
  "-NhtCmnAguxthoBoFfvy": "1;76;42
  "-NhtCnLM_7sjCS8Q_Goc": "1;76;42
  "-NhtCntarl3PX2bT29xV": "1;76;42
  "-NhtCoRk_mvHBHyhE_Cj": "1;76;42
  "-NhtCozvDv5VHo5-5zHE": "1;76;42
  "-NhtCpY7KmGgw06QrcnZ": "1;76;42
  "-NhtCq5MH3JJMar9QIpf": "1;76;42
  "-NhtCqc-nx3rhzO-zrUb": "1;76;42
  "-NhtCrA7aU9z3PQ8qfnX": "1;76;42
  "-NhtCriNdYPW5qavHPFh": "1;76;43
  "-NhtCsGYZfpaq7G8aQG6": "1;76;43
  "-NhtCsok3deqtCIPcDET": "1;76;43
  "-NhtCtMvg2kfFYt4_Rk2": "1;76;43
  "-NhtCtv83GWb25JmUGjj": "1;76;43
  "-NhtCuTQjzcN_tDYoYB8": "1;76;43
  "-NhtCv0b4ARR2jLAGU64": "1;76;43
  "-NhtCvaLhYY_8e0bZAfH": "1;76;43
  "-NhtCw8_8FEbfWHobnzc": "1;76;43
  "-NhtCwgif1WgRY8cmbh-": "1;76;43
  "-NhtCxEyGekSAPruFtQR": "1;76;43
  "-NhtCxn7cUUhEZ-c5aaV": "1;76;43
  "-NhtCyLKfZ2oQGmvxCDa": "1;76;43
  "-NhtCz5PerC1ci1TgBBM": "1;76;43
  "-NhtCzdXnD1g2Yjxl2QI": "1;76;43
  "-NhtD-Bm1gNhHC0arbOp": "1;76;43
  "-NhtD-jxFsxnTaE5Iswe": "1;76;43
  "-NhtD0I9HjNABmxoAIF_": "1;76;43
  "-NhtD0qKs2k0d7TEe3t9": "1;76;43
  "-NhtD1Mx-ua7f_Ps9fjU": "1;76;43
  "-NhtD1vDfFzmOIx0KU6U": "1;76;43
  "-NhtD2TLvnnVfPPjByta": "1;76;43
  "-NhtD30b-0PFT1Qh4oST": "1;76;43
  "-NhtD3ZkZLwiW5EdHrUY": "1;76;43
  "-NhtD4AG7rXFwbxaKjID": "1;76;43
  "-NhtD4iNo85HcDSfsrme": "1;76;43
  "-NhtD5GaZ7XaqJMN-tnj": "1;76;43
  "-NhtD5okdx8A-yXj-E00": "1;76;44
  "-NhtD6MxGCM1-JKC1HNX": "1;76;44
  "-NhtD6v7aP2LCFhClB4L": "1;76;44
  "-NhtD7UPup6F5uMDgrnA": "1;76;44
  "-NhtD828cWlqZDyJv-me": "1;76;44
  "-NhtD8aKVHCZsW_Pe9LF": "1;76;44
  "-NhtD98ZOsdONuGP00r-": "1;76;44
  "-NhtD9gmbzCjXmc7DCPI": "1;76;44
  "-NhtDAGZ6VSYKVDpvzjk": "1;76;44
  "-NhtDAonkuEAFsd-_fZD": "1;76;44
  "-NhtDBMx0Ye1sGW0LWro": "1;76;44
  "-NhtDBvFIhLytHL6iTw6": "1;76;44
  "-NhtDCRuQzE2jgg5sLRK": "1;76;44
  "-NhtDD--Drvw8awErWma": "1;76;44
  "-NhtDDYAN49TelUMMjnB": "1;76;44
  "-NhtDE5QyvuzignyAuY4": "1;76;44
  "-NhtDEdbwYPsOYd-CXfa": "1;76;44
  "-NhtDFBkKCMgv8c5hgKk": "1;76;44
  "-NhtDFk07RBP71fZdjhr": "1;76;44
  "-NhtDGI7-dr1K4pvGkAw": "1;76;44
  "-NhtDGq0v_HMpogDQ-BG": "1;76;44
  "-NhtDHbiK7e7xqU4WgOr": "1;76;44
  "-NhtDIAJZoMDnJUZIFG9": "1;76;44
  "-NhtDIiMPpa1VwyN2HZ5": "1;76;44
  "-NhtDJGXHuZJ8LfnGUr6": "1;76;44
  "-NhtDJol3J2dDsgl3bgk": "1;76;44
  "-NhtDKMw5kqkE8yBPVeZ": "1;76;45
  "-NhtDKvCxz-n66twwbPa": "1;76;45
  "-NhtDLTNK6oVx4l1lkd6": "1;76;45
  "-NhtDM0_WwT4AP8G9NWG": "1;76;45
  "-NhtDMZnmXvSG8XJE857": "1;76;45
  "-NhtDN7-XMmartDRyttw": "1;76;45
  "-NhtDNf8gO1RtSXIILhV": "1;75;45
  "-NhtDODQndnxtPq3OjOz": "1;75;45
  "-NhtDOlZ8Xx12JAkFrwF": "1;75;45
  "-NhtDPIFZnybw1c4YLuZ": "1;75;45
  "-NhtDPqOxmg7I0Qmp0-i": "1;75;45
  "-NhtDQZmryFiLk3bPjsf": "1;75;45
  "-NhtDR6xoXkqjr1BSOQA": "1;75;45
  "-NhtDRf8dW4CH1FpaK-P": "1;75;45
  "-NhtDSDUkKX8fTsC1uFJ": "1;75;45
  "-NhtDSlbmBco6MjVizLA": "1;75;45
  "-NhtDTJpJgHJGrvrRKdz": "1;75;45
  "-NhtDTs00KpcZzRKZzmX": "1;75;45
  "-NhtDUOZCAEzA7Z-R307": "1;75;45
  "-NhtDUwlc7DoBRt_-V-g": "1;75;45
  "-NhtDVV-VW7ihE2ezAfl": "1;75;45
  "-NhtDW2ELyciJYkkV2v7": "1;75;45
  "-NhtDWaL_mF2wZUL-ZvO": "1;75;45
  "-NhtDXBl1Mdx_QY2o-p-": "1;75;45
  "-NhtDXk0nofKwKutYJOG": "1;75;45
  "-NhtDYIB8FFHXHOvNmrP": "1;75;45
  "-NhtDYqO8-Jv575T2I2X": "1;75;46
  "-NhtDZO_TW3-zsuGGucp": "1;75;46
  "-NhtDZwknpMTVyWfRQWi": "1;75;46
  "-NhtD_V-D9dnTwxM3wTL": "1;75;46
  "-NhtDa2BkDg88ggO571a": "1;75;46
  "-NhtDaaNgX7NGBRnNoef": "1;75;46
  "-NhtDb8ZKm4RfjZIeJ0t": "1;75;46
  "-NhtDbglA4PpCbnqJhNC": "1;75;46
  "-NhtDcF15BlB4xj_paTm": "1;75;46
  "-NhtDclaAFuarxzDxS0U": "1;75;46
  "-NhtDdJrX4fOvpmRVi6z": "1;75;46
  "-NhtDdrwgwxtIcbhMNIL": "1;75;46
  "-NhtDeQ9zObqyKok7xJt": "1;75;46
  "-NhtDeyNxz7xf0WIVfF0": "1;75;46
  "-NhtDfWXy-GXJ1TFW8HY": "1;75;46
  "-NhtDg3pjo3RxKKiY_Vg": "1;75;46
  "-NhtDgbyyMrGdbvMUI80": "1;75;46
  "-NhtDhA9CKa0D1Qn__YY": "1;75;46
  "-NhtDhiNwIDJkdvmgHu8": "1;75;46
  "-NhtDiGYmMx4O62o9h7c": "1;75;46
  "-NhtDinHme7xt4GZ9zsz": "1;75;46
  "-NhtDjLMBORZUZxQvSFX": "1;75;46
  "-NhtDjxl6DQvZ0HsdKh5": "1;75;46
  "-NhtDkW_lZ4sXA5Jhbrv": "1;75;46
  "-NhtDl3ocj6LIld_gPuD": "1;75;46
  "-NhtDlc3A9Sjp51x6PYi": "1;75;46
  "-NhtDmAFgKDxJQqR_KG0": "1;75;46
  "-NhtDmiOHzF6i1GJbgVW": "1;75;47
  "-NhtDnGcqn7HnPe5WSkd": "1;75;47
  "-NhtDnonsjJDtoHkxNmc": "1;75;47
  "-NhtDoMyqXO1W9UWcwz5": "1;75;47
  "-NhtDovCAOqf8cNQwbLn": "1;75;47
  "-NhtDpTL30h3HWCdYWO4": "1;75;47
  "-NhtDq0aIoBq6fwxHMXT": "1;75;47
  "-NhtDqZlDJxDN13ETu2J": "1;75;47
  "-NhtDr6zqTCAAC7SNVxG": "1;75;47
  "-NhtDrf9FtnHXI1ABjZn": "1;75;47
  "-NhtDsDLJlqdWZRUIOU1": "1;75;47
  "-NhtDslfvT1BBeX3FU-H": "1;75;47
  "-NhtDtJpJdjcmt_OxGtw": "1;75;47
  "-NhtDtryQV2peq9bLNO1": "1;75;47
  "-NhtDuQBMMqDIBClP2ET": "1;75;47
  "-NhtDuyLqIVaRCuREcXa": "1;75;47
  "-NhtDvdXAEj2qjq_JkFr": "1;75;47
  "-NhtDwBlMMaG6qbFJA-Z": "1;75;47
  "-NhtDwk29swZfxUKXZrI": "1;75;47
  "-NhtDxIDV8Yhobrs5n_F": "1;75;47
  "-NhtDxqRLa_tKpZksGBr": "1;75;47
  "-NhtDyOe0T6EYR_NbmIR": "1;75;47
  "-NhtDywulkz0h4QrfFUD": "1;75;47
  "-NhtDzUy2K3bxV9nVa0S": "1;75;47
  "-NhtE-2C9dkHZvS7WrYp": "1;74;47
  "-NhtE-aNsxB06eqIxOAL": "1;74;47
  "-NhtE08bAE6MAKtFIWiQ": "1;74;48
  "-NhtE0gsRca7wrw7J6YL": "1;74;48
  "-NhtE1F6LDZkMwnjU1It": "1;74;48
  "-NhtE1nGB229K0Gi4tDz": "1;74;48
  "-NhtE2LQa6Z2B8vIJZda": "1;74;48
  "-NhtE2td-YawKYp7bzzh": "1;74;48
  "-NhtE3Rm4KKiEOAiw0fc": "1;74;48
  "-NhtE4-1qx2mi7ByECNL": "1;74;48
  "-NhtE4YEF19Aa4pYlqEV": "1;74;48
  "-NhtE55TJ78lG1QCY4Gc": "1;74;48
  "-NhtE5dgPiH5eisFF6-I": "1;74;48
  "-NhtE6BmCB7NhpAXLYS8": "1;74;48
  "-NhtE6jyQfTXTNyAl_XJ": "1;74;48
  "-NhtE7IBAIFm5zAdmIsb": "1;74;48
  "-NhtE7qNUACIzLx7Tbtj": "1;74;48
  "-NhtE8ObrwNLwEUaaYso": "1;74;48
  "-NhtE8yTkXKj4gnwS3Wr": "1;74;48
  "-NhtE9WcLZmeKi7MYPjk": "1;74;48
  "-NhtEA3sWPxRoxHOdFjc": "1;74;48
  "-NhtEAc148K4kOO_mL22": "1;74;48
  "-NhtEBAHdCahKMSTavFj": "1;74;48
  "-NhtEBiQIhjG4ZkGioIH": "1;74;48
  "-NhtECGhsHUlqhtIPmoT": "1;74;48
  "-NhtECnBSBHrooYLVKJq": "1;74;48
  "-NhtEDLt-S3oix-GWWiM": "1;74;48
  "-NhtEDtaqBbKRwqq8uCN": "1;74;48
  "-NhtEERn-XAqe0jFeXs_": "1;74;48
  "-NhtEF--0iLsZxmzF-Ft": "1;74;49
  "-NhtEFY8In4dvzMsnLDQ": "1;74;49
  "-NhtEG8h9b02yZLfR4sX": "1;74;49
  "-NhtEGgp8QUHE8jUFKyn": "1;74;49
  "-NhtEHDfWGVmIo4JyBuE": "1;74;49
  "-NhtEHlc_jS0QTSRLKDQ": "1;74;49
  "-NhtEIJndjux_lc7-3KE": "1;74;49
  "-NhtEIryJZ0O5ymMvAWO": "1;74;49
  "-NhtEJQB5bqjX9bmqn7E": "1;74;49
  "-NhtEJyP3cgneBUvKiup": "1;74;49
  "-NhtEKW_DUPhDjtDXqU5": "1;74;49
  "-NhtEL3oVxlJS4Ea62ad": "1;74;49
  "-NhtELc2FrMJLOeSiHcS": "1;74;49
  "-NhtEMAgCfyAKIK7KvB8": "1;74;49
  "-NhtEMk29nC-Y9NzVIQU": "1;74;49
  "-NhtENIEBCMR-Wu9SnS1": "1;74;49
  "-NhtENqQV49c7lWGY5eT": "1;74;49
  "-NhtEORnKepdHYd5yxHE": "1;74;49
  "-NhtEP--Xai4eAENptJF": "1;74;49
  "-NhtEPYH1-dMgR3V6n0k": "1;74;49
  "-NhtEQ5SRQqDWXkKsnyB": "1;74;49
  "-NhtEQdfzyGq7-Ezvb0o": "1;74;49
  "-NhtERBnpAGoFi9ctHCV": "1;74;49
  "-NhtERk2sUqnGzwRM6Ys": "1;74;49
  "-NhtESH6MIC8upzl75Ca": "1;74;49
  "-NhtESqQKjWQhvMxVMl8": "1;74;49
  "-NhtETObiGey1Q_bge1N": "1;74;50
  "-NhtETwnm-Wy2iizvJGY": "1;74;50
  "-NhtEUV2EEUlh02W8lzb": "1;74;50
  "-NhtEV2CNgNlefSyPyoi": "1;74;50
  "-NhtEVaN6NetBVxtM80r": "1;74;50
  "-NhtEW8dyplcxMjFN6qo": "1;74;50
  "-NhtEWguTWZ8tSbPzUTv": "1;74;50
  "-NhtEXF-iZ4-MEoC12on": "1;74;50
  "-NhtEXnHpfKccWoxKJX0": "1;74;50
  "-NhtEYLN6FGV_YsZ0P1O": "1;74;50
  "-NhtEYtZIfsZpFM5AH5w": "1;74;50
  "-NhtEZRmYu7Q9cFaKgwu": "1;74;50
  "-NhtE_-4VrQgbopqrv8X": "1;74;50
  "-NhtE_YArtP25CvGpq86": "1;74;50
  "-NhtEa5OeSWalOdnnITI": "1;74;50
  "-NhtEad_4wscoetB48yd": "1;74;50
  "-NhtEbBwjlOVWQNZ0pTW": "1;74;50
  "-NhtEbjxghRKi0elPzFt": "1;74;50
  "-NhtEcIDyA2riMGv5Dtc": "1;74;50
  "-NhtEcqUt64O8oTHi6Gs": "1;74;50
  "-NhtEdOhrVN_-6J0n5NP": "1;74;50
  "-NhtEdwqyFtdxy_U3IuU": "1;74;50
  "-NhtEeV-qkDTX-DJzVDD": "1;74;50
  "-NhtEf2AO1RawzJsORKQ": "1;74;50
  "-NhtEfdc1l7caCEjZ900": "1;74;50
  "-NhtEgBo5OZ06MkPF0NM": "1;74;50
  "-NhtEgk0KT-eDZb0vS4J": "1;74;50
  "-NhtEhIBa08JhBgd3Nu1": "1;74;51
  "-NhtEhqXg5Tw42e67G9f": "1;74;51
  "-NhtEiOhb7dt5Rw4nrz7": "1;74;51
  "-NhtEiwluJ8csDgyxmxI": "1;74;51
  "-NhtEjV0s2Cm86ExvR_D": "1;74;51
  "-NhtEk2Bw7WHBWFCiVtS": "1;74;51
  "-NhtEkaT8RhYcxw0u9n3": "1;74;51
  "-NhtEl8g-3pHYli0Z80a": "1;74;51
  "-NhtElgqGxd9eCWZGNC2": "1;74;51
  "-NhtEmF5GPF4dfonE3C5": "1;74;51
  "-NhtEmnEAIBZ95jjxIva": "1;74;51
  "-NhtEnLQkhnMdYVw5qYG": "1;74;51
  "-NhtEnt_Hhxtg5kfo2n9": "1;74;51
  "-NhtEoRoW76RrfaM-Y8T": "1;74;51
  "-NhtEp-2DorusHyguU7F": "1;74;51
  "-NhtEpYDVuxLgKXCFsWT": "1;74;51
  "-NhtEq5QutsbOpILe1N4": "1;74;51
  "-NhtEqc-uW0qEsSmv5oG": "1;74;51
  "-NhtErAKoD5gAD40c-VC": "1;74;51
  "-NhtEriYv9zesYGFP0vJ": "1;74;51
  "-NhtEsGc22Yp-VVtJ529": "1;74;51
  "-NhtEsonOtHd4xgepwku": "1;74;51
  "-NhtEtN59T12UNMgwuu0": "1;74;51
  "-NhtEtvC2LH9x2ETQTeG": "1;74;51
  "-NhtEuVBD9oysHt2ZPuZ": "1;74;51
  "-NhtEv2INV-QXE49bPSY": "1;74;51
  "-NhtEva1s-CxwNcszlmg": "1;74;52
  "-NhtEw8cI-LBOMDrveY_": "1;74;52
  "-NhtEwgqoBxZSGr_rJOZ": "1;74;52
  "-NhtExF0CU_MAqSPymtB": "1;74;52
  "-NhtExnEYG2LdXEcA2qS": "1;74;52
  "-NhtEyLZXmk5hezPq6EU": "1;74;52
  "-NhtEytdJY7Ew7XIVcsk": "1;74;52
  "-NhtEzRqpYfjAqPBz9r-": "1;74;52
  "-NhtF--NOoaIBTRuKMJ4": "1;74;52
  "-NhtF-YCpi1dO6Kh-Gvo": "1;74;52
  "-NhtF05Rqbjgeil32sRi": "1;74;52
  "-NhtF0ihTMDpZxj-70xf": "1;74;52
  "-NhtF1GcUrqKk-gd_DNU": "1;74;52
  "-NhtF1oqli7thBXgBGGt": "1;74;52
  "-NhtF2N-RdS-NyZ4ctJI": "1;73;52
  "-NhtF2vBnHjrEfz_IdR9": "1;73;52
  "-NhtF3TPRHCsBB1OEzVJ": "1;73;52
  "-NhtF40aAVMJ4FkBOt2l": "1;73;52
  "-NhtF4ZquDNpty1gRstC": "1;73;52
  "-NhtF576d5_7D5GaX9UB": "1;73;52
  "-NhtF5fEawy7gMhhWy_t": "1;73;52
  "-NhtF6CmwbEUH-_ohTJU": "1;73;52
  "-NhtF6lkhslk9vdDJt7I": "1;73;52
  "-NhtF7KbygOWMU3-RP86": "1;73;52
  "-NhtF7wrgCZylvY3NIvg": "1;73;52
  "-NhtF8V1VW_IkDn8lxtG": "1;73;52
  "-NhtF92E0LsjDsqw5Ej6": "1;73;52
  "-NhtF9_271YgzoT1HCJC": "1;73;53
  "-NhtFA73t5fXRNNa6-3r": "1;73;53
  "-NhtFAfHmz8ol0ctflbS": "1;73;53
  "-NhtFBDSlq30W13LX-qE": "1;73;53
  "-NhtFBlfvL1QwmQeJ9BU": "1;73;53
  "-NhtFCJsCivAorDtXWOw": "1;73;53
  "-NhtFCs-7nLRIfIh541M": "1;73;53
  "-NhtFDQGZRhvvbxOoVXB": "1;73;53
  "-NhtFDyOOggiZxqaI719": "1;73;53
  "-NhtFEWbJE0yQenS3FDB": "1;73;53
  "-NhtFFKMUjipwGCxbHEa": "1;73;53
  "-NhtFFtghKRafc_hFpfj": "1;73;53
  "-NhtFGRx6Mu5buOVxOGi": "1;73;53
  "-NhtFH-0HACJ3B_rN0Zr": "1;73;53
  "-NhtFHZXFp01t73-wHCF": "1;73;53
  "-NhtFI752M9GBKCs4ecA": "1;73;53
  "-NhtFIfAGW7xbrkTqOHt": "1;73;53
  "-NhtFJDtQTMkRTuPk0yE": "1;73;53
  "-NhtFJldz-jOhvTYvAhj": "1;73;53
  "-NhtFKJpMfvMAnD3vv6Z": "1;73;53
  "-NhtFKs1LzwGRqInfQXG": "1;73;53
  "-NhtFLQEv0_65f35XHyr": "1;73;53
  "-NhtFLy_9Zc46tDpI31k": "1;73;53
  "-NhtFMWLpdD3xpr9Hcn7": "1;73;53
  "-NhtFN3vGRXb2QvfvU5Y": "1;73;53
  "-NhtFNc9ra73_vDMHE4e": "1;73;53
  "-NhtFOAKsVh_ZU8xoc2u": "1;73;54
  "-NhtFOiPPtkGU33HkxMz": "1;73;54
  "-NhtFPRs1q6GaEhK3sY_": "1;73;54
  "-NhtFQ-4VXOYG4OS-a_8": "1;73;54
  "-NhtFQYGvjCuEI-368IW": "1;73;54
  "-NhtFR5T8z_D29AXJnPB": "1;73;54
  "-NhtFRdeayl8B4pAi2as": "1;73;54
  "-NhtFSBnivdzJ7dJ_gv4": "1;73;54
  "-NhtFSibiIiaOlLF3etW": "1;73;54
  "-NhtFTGhbBBHCNvIHVHt": "1;73;54
  "-NhtFTorava4uK2WOPYA": "1;73;54
  "-NhtFUN3ByXDSEl5Qdiu": "1;73;54
  "-NhtFUvE9ZLg8UAeetWv": "1;73;54
  "-NhtFVTSwpzHXAw5Xwm7": "1;73;54
  "-NhtFW0dOieykfL03LRO": "1;73;54
  "-NhtFWZtz_Xz42SdQ8xD": "1;73;54
  "-NhtFX72sR7-d3keAE8y": "1;73;54
  "-NhtFXfDpquNmsm96l2s": "1;73;54
  "-NhtFYDP_QPsfqMfUkLH": "1;73;54
  "-NhtFYlb6E91Voz1bSpY": "1;73;54
  "-NhtFZJnX4-pZLgQOUn1": "1;73;54
  "-NhtFZs1pRsWI03Baz46": "1;73;54
  "-NhtF_Wia8-yRUFNIax3": "1;73;54
  "-NhtFa2F1obW7Y4uqVKF": "1;73;54
  "-NhtFaaRLfCxpyKpRZSv": "1;73;54
  "-NhtFb8cKX8AkiVZPS-g": "1;73;54
  "-NhtFbgxHjJ5wOxHNhZ7": "1;73;55
  "-NhtFcF-Z2R65yPs-lTO": "1;73;55
  "-NhtFcnGXoPO1osytNTU": "1;73;55
  "-NhtFdLRNV5yLyZyN8jt": "1;73;55
  "-NhtFdtgoO0_guChFQss": "1;72;55
  "-NhtFeRoNQBVSLtyOqXb": "1;72;55
  "-NhtFf-6Q-7Lba239R1d": "1;72;55
  "-NhtFfYEOC_A1GCMyYcV": "1;72;55
  "-NhtFg5UbE3LUVUcRyNv": "1;72;55
  "-NhtFgdj1JOqX6QleVe6": "1;72;55
  "-NhtFhBr_13j07yOg6Nw": "1;72;55
  "-NhtFhk2ro-T2OtxpZXG": "1;72;55
  "-NhtFiICsVPF8_VeDPUK": "1;72;55
  "-NhtFiqWChx1hJ-9a2bV": "1;72;55
  "-NhtFjOd1rP0LTpTjw4a": "1;72;55
  "-NhtFjwwmshbKXc4ifNv": "1;72;55
  "-NhtFkV3ws01fwjjux9l": "1;72;55
  "-NhtFl2MRWdXLIrnQ4LX": "1;72;55
  "-NhtFlaS0tpvRYcJiSIf": "1;72;55
  "-NhtFm8doaQEXHC7IzTu": "1;72;55
  "-NhtFmgxsgGvDeoSoS2P": "1;72;55
  "-NhtFnF7pflL-0zNIrs1": "1;72;55
  "-NhtFoBqvqR_Wiix4IA-": "1;72;55
  "-NhtFonGThSWhesksxCJ": "1;72;55
  "-NhtFpLSikihKuy-rVC5": "1;72;55
  "-NhtFptcEyUhg8OvJLS5": "1;72;55
  "-NhtFqRn8umD7VO6aDYW": "1;72;56
  "-NhtFr-3CSXIomBi2Kro": "1;72;56
  "-NhtFrYIR2EDpTGcdEKx": "1;72;56
  "-NhtFs5UbKAJSTm_heZz": "1;72;56
  "-NhtFsddQUVi1L0Uv-Wk": "1;72;56
  "-NhtFtBvEEbUZiASTev6": "1;72;56
  "-NhtFtk4oslDQAb64VzY": "1;72;56
  "-NhtFuILfO_2l8GJGThq": "1;72;56
  "-NhtFuqT8WeQ51M5KpIQ": "1;72;56
  "-NhtFvOfzr01fpwFTGGZ": "1;72;56
  "-NhtFvwqAiFVGTstOo3F": "1;72;56
  "-NhtFwV2rfChM5HX5E-5": "1;72;56
  "-NhtFx5T6G8sTUgNmYP1": "1;72;56
  "-NhtFxdf84vGwPtdrwO0": "1;72;56
  "-NhtFyBuRroReZkOu7Iu": "1;72;56
  "-NhtFyk2D26txD6KaifW": "1;72;56
  "-NhtFzILvYKQpL-bs6nF": "1;72;56
  "-NhtFzqSeRri7rjCD-8t": "1;72;56
  "-NhtG-OdbWNxhFWfzXFo": "1;72;56
  "-NhtG-vKwojtNgaMFeF6": "1;72;56
  "-NhtG0TSjC3hIuz9I06c": "1;72;56
  "-NhtG10kcTmKwukblpsz": "1;72;56
  "-NhtG1ZriMHJiNC23cQF": "1;72;56
  "-NhtG273ERFMmk4r5JUn": "1;72;56
  "-NhtG2fFKuwNu86fMqMs": "1;72;56
  "-NhtG3DXFM0JRM8COwyO": "1;72;56
  "-NhtG3lkTz0LVOz4qPqM": "1;72;56
  "-NhtG4JysRwHUuv7EyWW": "1;72;57
  "-NhtG4s7Nar6unrdFrOl": "1;72;57
  "-NhtG5QH4d451olsPNJj": "1;72;57
  "-NhtG5yTvZXgnScXU2Yj": "1;72;57
  "-NhtG6WdpTyL5bExNeau": "1;72;57
  "-NhtG72IXl1ORxfeP92D": "1;72;57
  "-NhtG7aSAwCgEyzTwIk8": "1;72;57
  "-NhtG88e7a_i0Ajppixh": "1;72;57
  "-NhtG8gqGx3t_1qf-N_y": "1;72;57
  "-NhtG9F8cek9UvmKrfeT": "1;72;57
  "-NhtG9nGVburrXVoXEdG": "1;72;57
  "-NhtGAL_t1rqUh9ezgvu": "1;72;57
  "-NhtGAtgT0WnK5-_gJOY": "1;72;57
  "-NhtGBS1YsiYf2in0U0_": "1;72;57
  "-NhtGC-4eyFNw69LW6oO": "1;72;57
  "-NhtGCYGOU9D8fTlcj2i": "1;72;57
  "-NhtGD5Uz_XgU7RU1I9J": "1;72;57
  "-NhtGDk8kYywNjtCc72h": "1;72;57
  "-NhtGEI9uZGJeVuaa10F": "1;72;57
  "-NhtGEqYJiou7P-t0AC0": "1;72;57
  "-NhtGFOfzhmm9aByWS4D": "1;72;57
  "-NhtGFwrYZ44KW0cxvvH": "1;72;57
  "-NhtGGV14Kps2RUWqaDe": "1;72;57
  "-NhtGH3iG_82h_f5a4Kz": "1;72;57
  "-NhtGHc6iw5GYdUpywrg": "1;72;57
  "-NhtGIAHckOtAmZAXF0C": "1;72;57
  "-NhtGIiUrJ8FGNQynCs1": "1;72;58
  "-NhtGJGeKGK__drNTdEq": "1;72;58
  "-NhtGJqSDfDvEVQGXs1X": "1;72;58
  "-NhtGKOgDooMvhLe1UWr": "1;72;58
  "-NhtGKwwp75XG-R5AGqC": "1;72;58
  "-NhtGLV3FDawC4wGYUUk": "1;72;58
  "-NhtGM2GiBfC0buz2SBQ": "1;72;58
  "-NhtGMaRs2ei4KW2U082": "1;72;58
  "-NhtGN8gLTxKbmflWu53": "1;72;58
  "-NhtGNgv4uQLqtocd0Qe": "1;72;58
  "-NhtGOF92aD3QzBFdlJB": "1;72;58
  "-NhtGOnGXF6wjKcTLqQh": "1;72;58
  "-NhtGPREvErpxIMoIqfc": "1;72;58
  "-NhtGQ-2KX5km4_nfupj": "1;72;58
  "-NhtGQYGHDm7Z4yJOocR": "1;72;58
  "-NhtGR5UK5J0rZjmvK6P": "1;72;58
  "-NhtGRdiJCB6tmdMTyaP": "1;72;58
  "-NhtGSBsNICz1jF6auDe": "1;71;58
  "-NhtGSk1SpKMu19mpsUC": "1;71;58
  "-NhtGTGlhH2fGaPvjtw5": "1;71;58
  "-NhtGTtef6OyLAF-HUua": "1;71;58
  "-NhtGURqLYtxX3SDefeS": "1;71;58
  "-NhtGV-2wu5Oy6aaWAlt": "1;71;58
  "-NhtGVYJep7opO41MNo8": "1;71;58
  "-NhtGW5SN_4o0vyZ51Hr": "1;71;58
  "-NhtGWdh4RpzZZB_8sFa": "1;71;58
  "-NhtGXCCZRUHiubnQ6K2": "1;71;59
  "-NhtGXk2m3pwX_J5znaq": "1;71;59
  "-NhtGYJsfJkya4Ly9xOl": "1;71;59
  "-NhtGYs8mp-8pSpkaZ9y": "1;71;59
  "-NhtGZQLMK2et_aCEAz5": "1;71;59
  "-NhtGZyRp4S2S_m8dZL_": "1;71;59
  "-NhtG_Wezz7qMjbcnoEw": "1;71;59
  "-NhtGa3rSZIH0NiOTzLL": "1;71;59
  "-NhtGaabGRzhZIawfZn4": "1;71;59
  "-NhtGb8jN4l2u7Hs9yY6": "1;71;59
  "-NhtGbgpTWxlGE_KUwlg": "1;71;59
  "-NhtGcFPjjgBSmZIHsv2": "1;71;59
  "-NhtGcnFOvivcdpD8AZh": "1;71;59
  "-NhtGdLZgR09BolroBSK": "1;71;59
  "-NhtGdte_RoFaMYISYx1": "1;71;59
  "-NhtGeRqMjkc1NQ5xN6o": "1;71;59
  "-NhtGf-6MyDPPOUPwMx3": "1;71;59
  "-NhtGfWg9bB8DVhtky-c": "1;71;59
  "-NhtGg3yOb1sqME9L4qn": "1;71;59
  "-NhtGgc5Xsh4So0qYeYW": "1;71;59
  "-NhtGhAF0jDvyEZ3-xgi": "1;71;59
  "-NhtGhwvWkVZlHwmyTiI": "1;71;59
  "-NhtGiVCSYZh1jOcBl33": "1;71;59
  "-NhtGj0skGE2rJlIsDWm": "1;71;59
  "-NhtGjZvQZ0gmS_Y_SiC": "1;71;59
  "-NhtGk77uDfYRwSzEyj_": "1;71;59
  "-NhtGkfPkCbFuuLyWjqD": "1;71;59
  "-NhtGlDYC8jlTiso9zq0": "1;71;60
  "-NhtGlllXjPvoco1MN_P": "1;71;60
  "-NhtGmJuONlGxndkiTJb": "1;71;60
  "-NhtGms3R9H8tliRX0uR": "1;71;60
  "-NhtGnQHhQSPpL3Vb1s0": "1;71;60
  "-NhtGnyTw4mW4gVDCYVc": "1;71;60
  "-NhtGoWg7WjT62go04n5": "1;71;60
  "-NhtGp3vkPTyJzI-qcW8": "1;71;60
  "-NhtGpc46dsv_UBeG1pV": "1;71;60
  "-NhtGqBCokta_IkiKyaa": "1;71;60
  "-NhtGqiTn1h9Vk3ICbd-": "1;71;60
  "-NhtGrM63zg4RI8TZUAm": "1;71;60
  "-NhtGrvFYnTNllJaH2K0": "1;71;60
  "-NhtGsTVv1ECYEaRbWJw": "1;71;60
  "-NhtGt-A1JTzaXLYiwx_": "1;71;60
  "-NhtGtYHl6fx8oExY-s5": "1;71;60
  "-NhtGu5WGvoaFzqKNk-g": "1;71;60
  "-NhtGudg3txJOr7iWkK5": "1;71;60
  "-NhtGvBr5X3w0qJ1Fa8V": "1;71;60
  "-NhtGvkG7EyXIkQGLA5G": "1;71;60
  "-NhtGwIJAOxONwDJxPT7": "1;71;60
  "-NhtGwqY58rLg-pubPtK": "1;71;60
  "-NhtGxOl7-SxJWrSkbMa": "1;71;60
  "-NhtGxyVahP20v46LtRK": "1;71;60
  "-NhtGyWhHl4LqBvfN7vb": "1;71;60
  "-NhtGz739Lk_wsLMWzB1": "1;70;60
  "-NhtGzfISz261BqU1VG3": "1;70;61
  "-NhtH-DWTqA1QOEkFWvu": "1;70;61
  "-NhtH-lkX1mblXCuFK-6": "1;70;61
  "-NhtH0J0sMA7mmuO2Pb9": "1;70;61
  "-NhtH0vH20fRyqEdlfik": "1;70;61
  "-NhtH1TaI1XWostVZtqN": "1;70;61
  "-NhtH20fv1nwFElWOwPi": "1;70;61
  "-NhtH2Zuwd9YlLisVM0s": "1;70;61
  "-NhtH376G8dZJly6ZE7Z": "1;70;61
  "-NhtH3fGcQe7KewVcI5W": "1;70;61
  "-NhtH4DWtb9b2jSYDedZ": "1;70;61
  "-NhtH4lgwnKDQGNZs_uM": "1;70;61
  "-NhtH5JtDYfLMo8oRdYA": "1;70;61
  "-NhtH5s56E-50IGjsF4C": "1;70;61
  "-NhtH6QFHwTFlLu7ssDm": "1;70;61
  "-NhtH6yZ1qj4F193IUT_": "1;70;61
  "-NhtH7YH_JQm-85-P_gq": "1;70;61
  "-NhtH85Vd_DTGJJ77WyQ": "1;70;61
  "-NhtH8dkN5ZBnhtREl36": "1;70;61
  "-NhtH9AGyf64ZwayI_NN": "1;70;61
  "-NhtH9iVPvzSMu1iWyH1": "1;70;61
  "-NhtHAGhiZ5rHBYyJaeT": "1;70;61
  "-NhtHAoy5AKMoM_iLG6a": "1;70;61
  "-NhtHBN5XXly72zNBIr4": "1;70;61
  "-NhtHBvMN_FO-PrXx5nJ": "1;70;61
  "-NhtHCRvLAw_o1wNRv8Z": "1;70;61
  "-NhtHD-5aChmJfBGegyY": "1;70;61
  "-NhtHDZ5CfLpKSZv4cxW": "1;70;62
  "-NhtHE78sbI3GCDsBIq1": "1;70;62
  "-NhtHEfIFLTA4IzKAjYs": "1;70;62
  "-NhtHFDS78cvEjd_Jb0I": "1;70;62
  "-NhtHFliwmkcf5IL2wkD": "1;70;62
  "-NhtHGJsw21jm5aY6r4n": "1;70;62
  "-NhtHGs4tXs8hTuOkc3V": "1;70;62
  "-NhtHHOgYyzV-AnWTDXH": "1;70;62
  "-NhtHHwyiZHB0U64hE6l": "1;70;62
  "-NhtHIV6wVNcQ8z843AT": "1;70;62
  "-NhtHJ2PW9Vu715Dmtxq": "1;70;62
  "-NhtHJaU5ZmqMxBjtJXm": "1;70;62
  "-NhtHK8hHxmxmvSGGQ9l": "1;70;62
  "-NhtHKgz5aLdAL555Mrf": "1;70;62
  "-NhtHLFAJ44GQHTSxiCr": "1;70;62
  "-NhtHLnJPzr3YVB1jhxJ": "1;70;62
  "-NhtHMLaIFQbedcF5rzp": "1;70;62
  "-NhtHMtg0-ATeFWYym7N": "1;70;62
  "-NhtHNSBIkExefr1m3DS": "1;70;62
  "-NhtHO-6-Sf_8aLJImEg": "1;70;62
  "-NhtHOYKJOYMDa6MpEUu": "1;70;62
  "-NhtHP5VszfC1uMh0AF0": "1;70;62
  "-NhtHPcEnE7naetPHmZF": "1;70;62
  "-NhtHQAI9_Gf0a3kYbcS": "1;70;62
  "-NhtHQiVSPAyy7FiAd_j": "1;70;62
  "-NhtHRGkkxibyeF69rAD": "1;70;62
  "-NhtHRoyuYkFiWAc36pF": "1;70;63
  "-NhtHSN8KUSIQpt5L9dp": "1;70;63
  "-NhtHSvKK6JMLZ8D_PgS": "1;70;63
  "-NhtHTT_t3d3OpZ0aldE": "1;70;63
  "-NhtHU-CMFE8Zjt_wSQw": "1;70;63
  "-NhtHUYKxccwo_MXhb3P": "1;70;63
  "-NhtHVDXNFoRA2E-QVno": "1;70;63
  "-NhtHVlifXf1Ny3nb0no": "1;70;63
  "-NhtHWJzl1-IcMMylCPU": "1;70;63
  "-NhtHWsAYmUPVTvjXWr2": "1;70;63
  "-NhtHXQLYi0NjAmqzXTK": "1;70;63
  "-NhtHXyX1FKSBvlVqFrw": "1;70;63
  "-NhtHYWm3nVjwG_ZG3r9": "1;70;63
  "-NhtHZ3tJ8E8yREPBREs": "1;70;63
  "-NhtHZc9KgjTXV2tKn6E": "1;70;63
  "-NhtH_AKVnUfhRNNTjJf": "1;70;63
  "-NhtH_ib8ihtm6h4kaU7": "1;70;63
  "-NhtHaGkNvvf2g7cofrA": "1;70;63
  "-NhtHasPXOi8SMZ2GNLc": "1;70;63
  "-NhtHbQLfMM-LC26wuEJ": "1;70;63
  "-NhtHbyVn7SOBBX9NJnT": "1;70;63
  "-NhtHcWjQwlNWD3XnF3w": "1;70;63
  "-NhtHd42Mgj7d85KgO-Y": "1;70;63
  "-NhtHdcGy4EJHIDEn7t8": "1;70;63
  "-NhtHeAPXFVNEr5f3v3g": "1;70;63
  "-NhtHemnaUE1GKiQCKYE": "1;70;63
  "-NhtHfLag99aLty4xAC5": "1;70;64
  "-NhtHftinS0AdZC4p2GB": "1;70;64
  "-NhtHgRzjeIBWT0Aub24": "1;70;64
  "-NhtHh-D7s1HqdzeyfFL": "1;70;64
  "-NhtHhYTXa0gWqObIM2u": "1;70;64
  "-NhtHi5W076ry4pN9ZUT": "1;70;64
  "-NhtHidgRggDW1DTegdz": "1;70;64
  "-NhtHjBtEKL2vIP3grnR": "1;70;64
  "-NhtHjkBMk4BWQh0NUND": "1;70;64
  "-NhtHkIJkd7GvXPqT864": "1;70;64
  "-NhtHkqVjTpql0-WY3lu": "1;70;64
  "-NhtHlOgyESF__GLWyxS": "1;70;64
  "-NhtHlwuXdIqZGWayh0y": "1;70;64
  "-NhtHmTar8VAOu9_h0tT": "1;70;64
  "-NhtHn0gkFjPBqOih8Ji": "1;70;64
  "-NhtHnZvRM2ojkj1f2EE": "1;70;64
  "-NhtHo76Il1UldbhGBiU": "1;70;64
  "-NhtHofL6o3y1kYPYNFA": "1;70;64
  "-NhtHpDaJlqabKu8Q8XT": "1;70;64
  "-NhtHpm0pUrUY4vgnrI8": "1;70;64
  "-NhtHqJr3air_yUda8vN": "1;70;64
  "-NhtHqs8NDYAXol9jvaJ": "1;70;64
  "-NhtHrQNt6ikjCIrAR6W": "1;70;64
  "-NhtHrycL3YHi141ZjSs": "1;69;64
  "-NhtHsWixiFu5Iov5nzu": "1;69;64
  "-NhtHt3vixcJRauqO4L3": "1;69;64
  "-NhtHtc8h0hRaV3LR9Ol": "1;69;64
  "-NhtHuAKZINdSaxs1oVq": "1;69;65
  "-NhtHuiWMI5zpcKWLwGh": "1;69;65
  "-NhtHvGoOPksa6lYvvP_": "1;69;65
  "-NhtHvowTB6tlEy7oRLj": "1;69;65
  "-NhtHwNAirj5HnN4t9-Q": "1;69;65
  "-NhtHwvO5V6D3uSFqR30": "1;69;65
  "-NhtHxTX0Von9r7tlLui": "1;69;65
  "-NhtHy0j8oEWx5f690Ro": "1;69;65
  "-NhtHyZw1EQ_QOdU0WuS": "1;69;65
  "-NhtHz78PON8BXrPyDEq": "1;69;65
  "-NhtHzfIpI-DQlTtVhcW": "1;69;65
  "-NhtI-DXM5dPWnGuZ0hh": "1;69;65
  "-NhtI-lisUpzWmMRsdGI": "1;69;65
  "-NhtI0JvldqlyGlMXuz5": "1;69;65
  "-NhtI0sKoTP2jfPSUHOb": "1;69;65
  "-NhtI1OwvsSZZ7k2Bovi": "1;69;65
  "-NhtI1wwOsNnjL4KEmJK": "1;69;65
  "-NhtI2V93D-HpoEw9h8_": "1;69;65
  "-NhtI30sXJRHb8kcjudI": "1;69;65
  "-NhtI3Zw-qhwfM-Ti9gX": "1;69;65
  "-NhtI478x1oUTgzdim94": "1;69;65
  "-NhtI4dmeaLlJ_wmS1bt": "1;69;65
  "-NhtI5BusEw3okXL24b_": "1;69;65
  "-NhtI5iekVRAebhKPSsg": "1;69;65
  "-NhtI6LXmRXi89OX6pEM": "1;69;65
  "-NhtI6yWz3VVN3pnLq37": "1;69;65
  "-NhtI7WjeMRMucaz6bxW": "1;69;65
  "-NhtI83v5q6AkbWrm2AL": "1;69;66
  "-NhtI8c70jW29h-gY7v2": "1;69;66
  "-NhtI99iQOJp3qKsGwQl": "1;69;66
  "-NhtI9iY73-QSeCVkQox": "1;69;66
  "-NhtIAGl5RmmmlShYTL0": "1;69;66
  "-NhtIAnNT0NKlhpf0i8H": "1;69;66
  "-NhtIBLUxVylTWfnrU4F": "1;69;66
  "-NhtIBthP7tubjOXIHvj": "1;69;66
  "-NhtICRwlOEEhYG_tw2Z": "1;69;66
  "-NhtID-Eqlf-OQ6pwDBM": "1;69;66
  "-NhtIDYJRc_em-pSaDmF": "1;69;66
  "-NhtIE5Xg8R26Fxol-o6": "1;69;66
  "-NhtIEdoqaqXNzxpQ1rg": "1;69;66
  "-NhtIFBxrl2SgU2Oa7Av": "1;69;66
  "-NhtIFiZ_QkTXR3MGXoC": "1;69;66
  "-NhtIGGjZi6TE3UzDpH1": "1;69;66
  "-NhtIGov7DCNue-1nmpR": "1;69;66
  "-NhtIHLWwVdhx1CkAhRK": "1;69;66
  "-NhtIHtjGJchbVqztETI": "1;69;66
  "-NhtIIRvrjUkmpJXWxfc": "1;69;66
  "-NhtIJ-8ydaWFJhSByZf": "1;69;66
  "-NhtIJYIfFm90Hs4r5Wk": "1;69;66
  "-NhtIK5n8JdB24Ez92uq": "1;69;66
  "-NhtIKcFCAJ7ZMvpcNyN": "1;69;66
  "-NhtILAMY1fylsDzsgJ0": "1;69;66
  "-NhtILh0XCWldX20X0rV": "1;69;66
  "-NhtIMFCCiGCUz-rzAVz": "1;69;66
  "-NhtIMnMD3Xs6zWmDKiD": "1;69;67
  "-NhtINLW1OTux3F_msqn": "1;69;67
  "-NhtINtn901of33DImrf": "1;69;67
  "-NhtIORx0LOoV54j-AAW": "1;69;67
  "-NhtIP-8aOIzmkHpxGFR": "1;69;67
  "-NhtIPYOJxrlRGbqXlDa": "1;69;67
  "-NhtIQ3xomc6qhg1T5J3": "1;69;67
  "-NhtIQc573VQihVARFsF": "1;69;67
  "-NhtIRANAh__UwMbMGqK": "1;69;67
  "-NhtIRiWXQMEEj7A2j-0": "1;69;67
  "-NhtISGjfNMdtVOmqLHN": "1;69;67
  "-NhtISoxl3eI-Koqe9Qo": "1;69;67
  "-NhtITN8Gf4ZT242jgkR": "1;69;67
  "-NhtITvPUUjuCBJjPaUi": "1;69;67
  "-NhtIUTZ7oOAYSu_yaua": "1;69;67
  "-NhtIV0jGghR9hN8cr-T": "1;69;67
  "-NhtIV_ApdvhiC-lhWtC": "1;69;67
  "-NhtIW794t1ERsdEfz7r": "1;69;67
  "-NhtIWfNG1WNeo0eYQ0C": "1;68;67
  "-NhtIXDbZRJb7yTfNwoL": "1;68;67
  "-NhtIXlkaWpMTB5LUsoO": "1;68;67
  "-NhtIYK-REzFnBi0d4dY": "1;68;67
  "-NhtIYwvvA4p3rQWyb9c": "1;68;67
  "-NhtIZV9m-LchOuGFtsD": "1;68;67
  "-NhtI_2MOukhswAFFqjE": "1;68;67
  "-NhtI_aZ3aUlGZy4oZVE": "1;68;67
  "-NhtIa929gd0806r0eeI": "1;68;68
  "-NhtIagxp69CN_s9xpII": "1;68;68
  "-NhtIbFHJy1iD1LwtUgC": "1;68;68
  "-NhtIbnLHzuuB3gCL-lB": "1;68;68
  "-NhtIcLbZQLdr3-171qX": "1;68;68
  "-NhtIctlz89Z5f6Li9Ax": "1;68;68
  "-NhtIdRx0EA1GfQdCP66": "1;68;68
  "-NhtIe-9Pf2moFeSbaSZ": "1;68;68
  "-NhtIeWiB-2yMhTuhbpe": "1;68;68
  "-NhtIf3wQvlCufs8G960": "1;68;68
  "-NhtIfcECg-kAAL65p0F": "1;68;68
  "-NhtIgAS3-4vdQ-30N_O": "1;68;68
  "-NhtIgiYg2PeNkKopgmc": "1;68;68
  "-NhtIhGjZCkPs2JnkSvv": "1;68;68
  "-NhtIhozH-wj67bG8mzW": "1;68;68
  "-NhtIiN30UUpzH0TKxbz": "1;68;68
  "-NhtIivLmF8rZ4fFWByu": "1;68;68
  "-NhtIjTZ8J1uzG2FGfGL": "1;68;68
  "-NhtIk0nIl5rGDWasw3U": "1;68;68
  "-NhtIkZxli6DvvPogDpg": "1;68;68
  "-NhtIl7AQkWpjiXhRHLQ": "1;68;68
  "-NhtIlfMU3s8-No-6PDE": "1;68;68
  "-NhtImC0DR2hi88onoOg": "1;68;68
  "-NhtImj8pmf4zc7WGRix": "1;68;68
  "-NhtInINs0DehqHVhKWX": "1;68;68
  "-NhtInqXvv3AkR6J6-PQ": "1;68;68
  "-NhtIoOjowIoluGzkvGn": "1;68;68
  "-NhtIowy7LT5s0fZ5TBn": "1;68;69
  "-NhtIpVAw9RdsIacuc0U": "1;68;69
  "-NhtIq2NVOAwqrjee92D": "1;68;69
  "-NhtIqb2PZaI4KNRjR2_": "1;68;69
  "-NhtIr8lmaJykOM9u0yz": "1;68;69
  "-NhtIrgxK4MeCIAc1O5E": "1;68;69
  "-NhtIsFEJWnrF5sGen5T": "1;68;69
  "-NhtIsnOwrRdSV2SAzq0": "1;68;69
  "-NhtItLZRi0FZZZ0Q6yu": "1;68;69
  "-NhtIttkohGOLTIJurrm": "1;68;69
  "-NhtIuRy5XM_sT2s4d_-": "1;68;69
  "-NhtIv-9a0KoU6TXN5od": "1;68;69
  "-NhtIvYMR1cawOR0A6xG": "1;68;69
  "-NhtIw5aDz8Y-bZX3yyv": "1;68;69
  "-NhtIwcUHTqC-C6EMIlP": "1;68;69
  "-NhtIxAXQphzlxVFjWhj": "1;68;69
  "-NhtIxi_twubnuWOrBe-": "1;68;69
  "-NhtIyGk-Icugll8ea2L": "1;68;69
  "-NhtIyow2mE563m_-Nst": "1;68;69
  "-NhtIzNFuy7bEB2Mfj4s": "1;68;69
  "-NhtIzvN89FlPNDfycFn": "1;68;69
  "-NhtJ-VFjATPNGB48hA5": "1;68;69
  "-NhtJ02S6BEctRVj_HSB": "1;68;69
  "-NhtJ0aZR-vL7jRurL4W": "1;68;69
  "-NhtJ18rhzd3eZzB2QcA": "1;68;69
  "-NhtJ1gy837lYpXFTclF": "1;68;69
  "-NhtJ2F92silvM25-sE_": "1;68;70
  "-NhtJ2nLdmyj82zqMsYh": "1;68;70
  "-NhtJ3LZDGftvCendxzZ": "1;68;70
  "-NhtJ3tk_VCv0aIUYQ5R": "1;68;70
  "-NhtJ4Rzpq0e76rXnEUg": "1;68;70
  "-NhtJ5-Ff3Ngx2JyW4rQ": "1;68;70
  "-NhtJ5YMY4UwViP5s4Mo": "1;68;70
  "-NhtJ65YieD7eIv4WZ_4": "1;68;70
  "-NhtJ6drbbALmhFBKA0w": "1;68;70
  "-NhtJ7Bx75wdEM-u3WR1": "1;68;70
  "-NhtJ7kHSnBOkAriY7rI": "1;67;70
  "-NhtJ8ITfG5TX05XzQ47": "1;67;70
  "-NhtJ8qYa9r07bfv9k87": "1;67;70
  "-NhtJ9OpzVPg38aS1vBq": "1;67;70
  "-NhtJ9wyQr0SMHud8jyu": "1;67;70
  "-NhtJAV8ULhEhYikK4SN": "1;67;70
  "-NhtJB5a73q5hx6qvEEQ": "1;67;70
  "-NhtJBdjyiDDrC72V5Af": "1;67;70
  "-NhtJCC1TuEiM1VE8uZ7": "1;67;70
  "-NhtJCkDbd87dbPqSF5S": "1;67;70
  "-NhtJDIPivxLGJiiovTZ": "1;67;70
  "-NhtJDq_lkpuutv1cOvk": "1;67;70
  "-NhtJEOlXn4ysdeo1vZP": "1;67;70
  "-NhtJEwx3KS1lbVNGWuu": "1;67;70
  "-NhtJFWnIs2t0JBk0Odh": "1;67;70
  "-NhtJG3xDhgKA6xad6ti": "1;67;70
  "-NhtJGcCNANiIeWH82WV": "1;67;70
  "-NhtJHALbt1ewLTRNBbB": "1;67;71
  "-NhtJHi_VxklO7Q8pySD": "1;67;71
  "-NhtJIGr-Vuipqvo5IMn": "1;67;71
  "-NhtJIp2alzDG5LEx0jP": "1;67;71
  "-NhtJJNBV7avTDv2zlob": "1;67;71
  "-NhtJJvXF8QbBymwFIz-": "1;67;71
  "-NhtJKS500StQqH2-GDe": "1;67;71
  "-NhtJL7BjdToQvgashoj": "1;67;71
  "-NhtJLfor2E1KUNKir5N": "1;67;71
  "-NhtJMD_uKIRf8EQsgDs": "1;67;71
  "-NhtJMlquO7XM15U_9zp": "1;67;71
  "-NhtJNIP2uxyXIorwAYJ": "1;67;71
  "-NhtJNqZe3EGa9NfWE6E": "1;67;71
  "-NhtJOOjgADRrglUbsiU": "1;67;71
  "-NhtJOwy9vj3bwvaiHq3": "1;67;71
  "-NhtJPVCx39KEkVF_kbI": "1;67;71
  "-NhtJQ2NDgMJA32_FNcj": "1;67;71
  "-NhtJQa_-XRYKSU39qP6": "1;67;71
  "-NhtJR8m8OGuJc8VCM_f": "1;67;71
  "-NhtJRgx7J7UrvGsNkuH": "1;67;71
  "-NhtJSFJBBEKXOZ54y1a": "1;67;71
  "-NhtJSnMiJ5-8131OrTj": "1;67;71
  "-NhtJTL_98nfjZ5bCYVk": "1;67;71
  "-NhtJTtpNwgPSrzGneF2": "1;67;71
  "-NhtJURz-pOAHbuzEwKF": "1;67;71
  "-NhtJV-CvlZbzoWqECDC": "1;67;71
  "-NhtJVYOCtI45FGI3n1K": "1;67;72
  "-NhtJWANUlIiakjHIx_R": "1;67;72
  "-NhtJWiZX9MeVkI2ciZI": "1;67;72
  "-NhtJXFBX-GWmBqRVsjI": "1;67;72
  "-NhtJXnSWXhpubeXRWEG": "1;67;72
  "-NhtJYLgKfmpyt5N0E6w": "1;67;72
  "-NhtJYtj8qUTCB-POucA": "1;67;72
  "-NhtJZS1pb_8LqSgBSva": "1;67;72
  "-NhtJZydZYA-HCcW4v_8": "1;67;72
  "-NhtJ_WoPqCRxltrR8NH": "1;67;72
  "-NhtJa40X1_UZrCkA06Q": "1;67;72
  "-NhtJacFoLXP1s5JVEFT": "1;67;72
  "-NhtJbAPG1a4zRSE4ypb": "1;67;72
  "-NhtJbihNlpvmTShXFvU": "1;67;72
  "-NhtJcGlc1AubOYb27Cj": "1;67;72
  "-NhtJcp2KDrhV6TfER-K": "1;67;72
  "-NhtJdN8iywvYdvu7Oft": "1;67;72
  "-NhtJdvYhL8lS5YfebCC": "1;67;72
  "-NhtJe_0DYXLb_76FsaB": "1;67;72
  "-NhtJf7A_QYbi1lOxOsL": "1;67;72
  "-NhtJffSde6LElD3pb8k": "1;67;72
  "-NhtJgDal1oHCGBfru3n": "1;67;72
  "-NhtJglmCjKCI4dvytIL": "1;67;72
  "-NhtJhK2PuXtVQFPf56_": "1;67;72
  "-NhtJhvO_EUwD_DZAHzK": "1;66;72
  "-NhtJiTkmFQ5BADVyVfH": "1;66;72
  "-NhtJj0mHCMaHRpWGxb6": "1;66;72
  "-NhtJj_40Tmrrw5IWCl8": "1;66;73
  "-NhtJk7D-BeguCGBJZ9V": "1;66;73
  "-NhtJkidXSYwMdZcBCkm": "1;66;73
  "-NhtJlGsympTbd6HzEBw": "1;66;73
  "-NhtJlp--EvaYF99h6gN": "1;66;73
  "-NhtJmNASafBLWZSwxKj": "1;66;73
  "-NhtJmvO7qlDo_E70UP2": "1;66;73
  "-NhtJnTaTe0LO9a4wbHl": "1;66;73
  "-NhtJo0mXbArQYw_fMmY": "1;66;73
  "-NhtJo_2ELtM1nX7T-Uf": "1;66;73
  "-NhtJp7ArGryg8UJOJW3": "1;66;73
  "-NhtJpfQaw0AP2IoRkjN": "1;66;73
  "-NhtJqDeDotwiW-ZFz9g": "1;66;73
  "-NhtJqx2SDhss2ffABYC": "1;66;73
  "-NhtJrTiG8vT1K3AyRSX": "1;66;73
  "-NhtJs1U_Umfa841h0cV": "1;66;73
  "-NhtJsab714QpDd90M9C": "1;66;73
  "-NhtJt8pWPccOQXIE1f2": "1;66;73
  "-NhtJth0tJG3sfqSTZ0_": "1;66;73
  "-NhtJuFA4t09a4CAxto8": "1;66;73
  "-NhtJunN1YpI8IDJOIz6": "1;66;73
  "-NhtJvLburCH26Vvnj8x": "1;66;73
  "-NhtJvsH4xWku2flmij-": "1;66;73
  "-NhtJwWuIDl_VVYOZLIl": "1;66;73
  "-NhtJx40-t3yVmJWX5UK": "1;66;73
  "-NhtJxcHeWn0kE9jo2UL": "1;66;73
  "-NhtJyAOiBLV4kxOxBB5": "1;66;74
  "-NhtJyosCbLkKjvOoRVe": "1;66;74
  "-NhtJzNCZlQJqzgSYVID": "1;66;74
  "-NhtJzvS_9z8_Ooj4ZXp": "1;66;74
  "-NhtK-TcEaz8oaLpkpgn": "1;66;74
  "-NhtK0-A-3iQu_cXuxXt": "1;66;74
  "-NhtK0YOgId1YJI-Nmfh": "1;66;74
  "-NhtK15cD6QdkxZcwYui": "1;66;74
  "-NhtK1kA_MI8_1W08iF1": "1;66;74
  "-NhtK2IRo7cUKg0j2jtQ": "1;66;74
  "-NhtK2qbY3WIhIZc4bWG": "1;66;74
  "-NhtK3OowulbN2j0cIfV": "1;66;74
  "-NhtK3x5H0n7li8tCW0K": "1;66;74
  "-NhtK4VEmeZlJl9pxmHs": "1;66;74
  "-NhtK52P1FIjc6c9Stte": "1;66;74
  "-NhtK5aquYRn4xJmZdy-": "1;66;74
  "-NhtK68mI7ZapFMsnaap": "1;66;74
  "-NhtK6fNK05IcWmCxKEx": "1;66;74
  "-NhtK7DegkjfAp_4YJHQ": "1;66;74
  "-NhtK7tEFPPAzVf6CSSb": "1;66;74
  "-NhtK8S0WuxbggsJSfzr": "1;66;74
  "-NhtK9-9YMxnWRIcXikA": "1;66;74
  "-NhtK9YRTQF4wf5QTjWv": "1;66;74
  "-NhtKAC8hfgFV09ugwrt": "1;66;74
  "-NhtKAkAFFuL_NHULcJF": "1;66;74
  "-NhtKBIR-1kzeyhbMxGv": "1;66;74
  "-NhtKBqkdZ6msNQEYLgq": "1;66;75
  "-NhtKCOn9K4NChtZT9Lk": "1;66;75
  "-NhtKCwyVJfGHDHy_laB": "1;66;75
  "-NhtKDVEJuHlcp-TDwDO": "1;66;75
  "-NhtKE2QP_cSNMjw1mbP": "1;66;75
  "-NhtKFjKHH_z3-KmFp_E": "1;66;75
  "-NhtKGIRiMdD4L2g6lsu": "1;66;75
  "-NhtKGqbzkpl6u-1NOQO": "1;66;75
  "-NhtKHP--9FcE7vLOEZi": "1;66;75
  "-NhtKHx-E96vqUrpsZi7": "1;66;75
  "-NhtKIVD8jUTa-QG4Jv9": "1;66;75
  "-NhtKJ2QhkVwcJ6zDybe": "1;66;75
  "-NhtKJac6gweh01-RIG2": "1;66;75
  "-NhtKK8pFVvN7x0rZspi": "1;66;75
  "-NhtKKh2VvmvZ__uQkeH": "1;66;75
  "-NhtKLDlOl0B6NkCACbx": "1;66;75
  "-NhtKLlsD1EcE2mdL-KW": "1;66;75
  "-NhtKMK-Robrekqt9bnr": "1;66;75
  "-NhtKMsDr92je87FP4bK": "1;66;75
  "-NhtKNQRvYppSVMzETfR": "1;66;75
  "-NhtKNybBfoxNbwKrISM": "1;66;75
  "-NhtKOX7waHd5Jz02B2R": "1;66;75
  "-NhtKP7CpwkMY6uZPcOV": "1;66;75
  "-NhtKPfSnSmmUz8K9O5A": "1;66;75
  "-NhtKQC98GYn5g_iR7L-": "1;66;76
  "-NhtKQkG4ciiPuf89KZK": "1;66;76
  "-NhtKRINH2XOStCfVr1a": "1;66;76
  "-NhtKRqjsUgAGnkX09RD": "1;66;76
  "-NhtKSOqKZtTKNp24oB0": "1;66;76
  "-NhtKSx-PN2eKd63Mu-o": "1;66;76
  "-NhtKTVDY7VVvhRvnnE4": "1;66;76
  "-NhtKU2PPmsVq8CsrgpN": "1;66;76
  "-NhtKUaO7pLfCgLIK2Gn": "1;66;76
  "-NhtKV8qjq8l4HnTcMNM": "1;66;76
  "-NhtKVh35tmpNDobA6aP": "1;66;76
  "-NhtKWFFyKykPTK2zABN": "1;66;76
  "-NhtKWnQqb2Nma5Ob-1y": "1;66;76
  "-NhtKXLdYthAcKXAS1xY": "1;66;76
  "-NhtKXtwUoZVWJqymYvf": "1;65;76
  "-NhtKYS4uB2zeu6CvH3p": "1;65;76
  "-NhtKZ-FSAaatS_ppjIJ": "1;65;76
  "-NhtKZYVslcVLG8VNSQ5": "1;65;76
  "-NhtK_5coklsY6mpgV8R": "1;65;76
  "-NhtK_dp02Uxf9PiwYPw": "1;65;76
  "-NhtKaC-ZWrd6VcLWoBv": "1;65;76
  "-NhtKaic7E-a6J0Jwz5F": "1;65;76
  "-NhtKbGug0-9RSPM07Jz": "1;65;76
  "-NhtKbp1u4R_aIUsdtyK": "1;65;76
  "-NhtKcNCj9yNha7S0bvm": "1;65;76
  "-NhtKcvQioWSdZDRBqIR": "1;65;76
  "-NhtKdTdDuGpoIEfLKJJ": "1;65;76
  "-NhtKe0rOGAN5Dmc-dDz": "1;65;77
  "-NhtKe_1y9_hSKrBdX3m": "1;65;77
  "-NhtKf7HZRGUKtNvCIsA": "1;65;77
  "-NhtKffRAx_yg4XsaGg-": "1;65;77
  "-NhtKgDdVxqoqKN6pNTy": "1;65;77
  "-NhtKglpFZJpPCuXNWCU": "1;65;77
  "-NhtKhISZ8NeyTIXsd6w": "1;65;77
  "-NhtKhqcL-jNHvxoubGS": "1;65;77
  "-NhtKiOrFshhKKP3o-Ar": "1;65;77
  "-NhtKix-FjJUR0SV4H2y": "1;65;77
  "-NhtKjVHS5LKJEXwlMvB": "1;65;77
  "-NhtKk2PlZaZ1i-mrPK9": "1;65;77
  "-NhtKkacjtmYYGYHWoYT": "1;65;77
  "-NhtKl8qY7f0aF-wsoBn": "1;65;77
  "-NhtKloNoeJGjihIJ5Iv": "1;65;77
  "-NhtKmNF_LNQs9ZMaodv": "1;65;77
  "-NhtKmvQMiEB1dl59hv9": "1;65;77
  "-NhtKnTbdtBhP4u8KkrS": "1;65;77
  "-NhtKo0vUv5lAJeU7079": "1;65;77
  "-NhtKo_1gZ9iJnWprDdA": "1;65;77
  "-NhtKp7EM6LcFkzQN9Bo": "1;65;77
  "-NhtKpfP8WZcxu9vJjvF": "1;65;77
  "-NhtKqDdnqwICbonVhrY": "1;65;77
  "-NhtKqlviqAq5L5aDbqQ": "1;65;77
  "-NhtKrJRcdjC5yP6INJ8": "1;65;77
  "-NhtKrsF3aKe6HasJ6iR": "1;65;77
  "-NhtKsTe_yQWqVFVzTp6": "1;65;78
  "-NhtKt0qBmkt4RXS5Af2": "1;65;78
  "-NhtKt_5jjjHzmpz1fT-": "1;65;78
  "-NhtKu5cX0XHW6_sqxVL": "1;65;78
  "-NhtKudrW97-R7G9tHd1": "1;65;78
  "-NhtKvC0hnz5kGpuyk4M": "1;65;78
  "-NhtKvkFzSiFW7eoeYLo": "1;65;78
  "-NhtKwIQsv5yrQJmZwA_": "1;65;78
  "-NhtKwvS4NaDJh3k1t65": "1;64;78
  "-NhtKxTdFdFvMmWJb8C_": "1;64;78
  "-NhtKy1uZQKaEw6wEnUe": "1;64;78
  "-NhtKy_BO18xnMRc8EYU": "1;64;78
  "-NhtKz7Km-pWEedPj8BB": "1;64;78
  "-NhtKzfPoVBtYEzdmUUu": "1;64;78
  "-NhtL-Dg644cJbo2d30X": "1;64;78
  "-NhtL-lqUbIVTI-EJJ6v": "1;64;78
  "-NhtL0K7P7iw6wnJwhvg": "1;64;78
  "-NhtL0sH0eG6T3rxvQ4U": "1;64;78
  "-NhtL1QS4RMKuygtrToZ": "1;64;78
  "-NhtL1yfTozH6k6P5nIP": "1;64;78
  "-NhtL2Ws0yjC5SQkGjGx": "1;64;78
  "-NhtL343Osfd7hZr30pB": "1;64;78
  "-NhtL3ajVviFPuzKNI5U": "1;64;78
  "-NhtL48vmy1qxNwmJtSR": "1;64;78
  "-NhtL4fbjke34dxxvUU-": "1;64;78
  "-NhtL5DbagNpgELOzpte": "1;64;78
  "-NhtL5kFojDvt2UNv3Yd": "1;64;78
  "-NhtL6LeXsGIrUA15yEN": "1;64;79
  "-NhtL6uTLSltqVrBkqCF": "1;64;79
  "-NhtL7Te8PI67J1_LCXA": "1;64;79
  "-NhtL8-GHA-A2FNEgMpX": "1;64;79
  "-NhtL8YUMxCXIX-tKSM6": "1;64;79
  "-NhtL95fZ-2yAT8IKBVY": "1;64;79
  "-NhtL9dnfnXVxGfhwfxo": "1;64;79
  "-NhtLAC1PGTAtwiiNnt5": "1;64;79
  "-NhtLAkDMQQmeaNAueQY": "1;64;79
  "-NhtLBIb1JlVyd0iIZCQ": "1;64;79
  "-NhtLBqipj1pwxjrTsrB": "1;64;79
  "-NhtLCOqPn81BFW52Fh5": "1;64;79
  "-NhtLCx2OYkKTOMyHC-K": "1;64;79
  "-NhtLDVNbC2kjZPG0vWb": "1;64;79
  "-NhtLE2PDZ_mwo4xxB3U": "1;64;79
  "-NhtLEakP3qcbUsdK6Ry": "1;64;79
  "-NhtLF8rVT965YYUa0wd": "1;64;79
  "-NhtLFh3Kg0VEiLz94Kd": "1;64;79
  "-NhtLGFM_DYb-mf1IUik": "1;64;79
  "-NhtLGnSZfvC9rlCpyMa": "1;64;79
  "-NhtLHKdIdoJrNZCmi2-": "1;64;79
  "-NhtLHtrmDNI6s7WBnnl": "1;64;79
  "-NhtLIS1SIITOBoHXPnN": "1;64;79
  "-NhtLJ-LG6u_fZPXs6WX": "1;64;79
  "-NhtLJYTmanTFc02OmrY": "1;64;79
  "-NhtLK5jB1j4vlo-DuXI": "1;64;79
  "-NhtLKdqOTM7aizfwxnW": "1;64;79
  "-NhtLLC61H0rQuj4YURX": "1;63;80
  "-NhtLLkH0yC2NYOiCm-c": "1;63;80
  "-NhtLMIRBr9RqECwTRlI": "1;63;80
  "-NhtLMqfe_vp6R7zOOlW": "1;63;80
  "-NhtLNOpmd8cvxawsBxV": "1;63;80
  "-NhtLNx7FVHSbu27VqQO": "1;63;80
  "-NhtLOVG9s0qciwEe-hQ": "1;63;80
  "-NhtLP2WCTIaPJC33oFi": "1;63;80
  "-NhtLPagSp4rlN5BCiPn": "1;63;80
  "-NhtLQ8qVX1PbzxOtUgw": "1;63;80
  "-NhtLQh5e07vEkEHmk2b": "1;63;80
  "-NhtLRFO4iwcOVjVxkx2": "1;63;80
  "-NhtLRnSVOmJpjpx6Vxe": "1;63;80
  "-NhtLSLdme16YLXSLGkn": "1;63;80
  "-NhtLStqfCrDZ2HG_0BY": "1;63;80
  "-NhtLTS3QU8ULINH6wnc": "1;63;80
  "-NhtLU-HwVRgYU9LHtDK": "1;63;80
  "-NhtLUYRQB1SQh1jR04P": "1;63;80
  "-NhtLV5ddm0pUI0OKB5m": "1;63;80
  "-NhtLVdwy-PB2TLAKemD": "1;63;80
  "-NhtLWC7CgbBCi6dcQ8x": "1;63;80
  "-NhtLWkGWFdDU13teQyV": "1;63;80
  "-NhtLXIQgNDRKg682P2S": "1;63;80
  "-NhtLXqezJHU28Vq2uRv": "1;63;80
  "-NhtLYS33znSnSlMvY_F": "1;63;80
  "-NhtLZ-IIpg545ISy6QJ": "1;63;80
  "-NhtLZYVILlGRFS6qlch": "1;63;81
  "-NhtL_5gcSh2Tk3qs-KU": "1;63;81
  "-NhtL_dvyOszkwihiOoP": "1;63;81
  "-NhtLaCD_1X7l3r5uajL": "1;63;81
  "-NhtLakI-hPzJzobzkGF": "1;63;81
  "-NhtLbIWRdHOpEjzXr8k": "1;63;81
  "-NhtLbpBsC2dVcdhfr26": "1;63;81
  "-NhtLcNFEoaXIemAly2C": "1;63;81
  "-NhtLcvR1FzpSuePxfDG": "1;63;81
  "-NhtLdTfwhRln0IQJLJd": "1;63;81
  "-NhtLe0tgoZdr9Wp9N_k": "1;63;81
  "-NhtLe_4BVlhuNOwK15e": "1;63;81
  "-NhtLf7EtmF8-kGPirUf": "1;62;81
  "-NhtLfdsCvO-8jVLWC7G": "1;62;81
  "-NhtLgC64_Bhp3N9-o-O": "1;62;81
  "-NhtLgkG1xjSP00Kzd_v": "1;62;81
  "-NhtLhIYeHZF--f8Ta_Y": "1;62;81
  "-NhtLhqeQPEGgm8qzYy4": "1;62;81
  "-NhtLiS8icm7a5P9YkQy": "1;62;81
  "-NhtLj-DNfTMeXNXMia_": "1;62;81
  "-NhtLjYXHJoLPSmlsi7T": "1;62;81
  "-NhtLk5dlXSFAUL_enWm": "1;62;81
  "-NhtLkdu8pux7y1fWLaa": "1;62;81
  "-NhtLlDgDDAr4vLQRE0w": "1;62;81
  "-NhtLlltIqgy_8vz1iOt": "1;62;81
  "-NhtLmK5h3-r8xtrRsgi": "1;62;81
  "-NhtLmsKwz-mDuYRWgsq": "1;62;81
  "-NhtLnQUB_iHVTi-ViJW": "1;62;82
  "-NhtLnydyjidgSNdoaip": "1;62;82
  "-NhtLoX9-DAAhVeRiaGW": "1;62;82
  "-NhtLp42hYJMbl2oJ6Ss": "1;62;82
  "-NhtLp_UwK3kP17Q3aLk": "1;62;82
  "-NhtLq7ML0pvaMLxBIvo": "1;62;82
  "-NhtLqfWJdVioY-akVkx": "1;62;82
  "-NhtLrDi-H9q-lpfcPSJ": "1;62;82
  "-NhtLrlvt3mRxpt1yypC": "1;62;82
  "-NhtLsK7n1DKsAal2nNg": "1;62;82
  "-NhtLsvXNsBasRVBtmzi": "1;62;82
  "-NhtLtTiT0Cdp4sz-oOz": "1;62;82
  "-NhtLu11Z2F6ksJYt1nT": "1;62;82
  "-NhtLu_6SVHrye00rY9z": "1;62;82
  "-NhtLv7ImrfDLuUZg5If": "1;62;82
  "-NhtLvjqCc4XDP4xal8c": "1;62;82
  "-NhtLwITNOdwQOYRAQpG": "1;62;82
  "-NhtLwqkacKKRlWYcTpU": "1;62;82
  "-NhtLxOruxmr28aEH1I-": "1;62;82
  "-NhtLxx6LTRUKnnP3Zzn": "1;62;82
  "-NhtLyVH83CHvhgyuwSR": "1;62;82
  "-NhtLz2bD66ks5HCfS1l": "1;62;82
  "-NhtLz_jwVJhaq6Z1t8J": "1;62;82
  "-NhtM-8spuiempjqjqYh": "1;62;82
  "-NhtM-h807SOYcxHUpqG": "1;62;82
  "-NhtM0FLv2L59EOamAP-": "1;62;82
  "-NhtM0mthSXpW4MecNjP": "1;62;83
  "-NhtM1Lgzx60o52YRLDP": "1;61;83
  "-NhtM1tuSKbF0zjIV_Qd": "1;61;83
  "-NhtM2S7SV6FzzbwjVW9": "1;61;83
  "-NhtM3-G4tC1WwQ85G2V": "1;61;83
  "-NhtM3YW3Li1U1cuyPNy": "1;61;83
  "-NhtM45ig-cQqs5VYRLm": "1;61;83
  "-NhtM4dwZ3FS-wk2BDUP": "1;61;83
  "-NhtM5C9bD6yspK3jnbW": "1;61;83
  "-NhtM5kHy4JgHq_BCg2L": "1;61;83
  "-NhtM6IXXnxuZxTote07": "1;61;83
  "-NhtM6ssxDKRpwYKkUAf": "1;61;83
  "-NhtM7S7WSvX2kVtS2J6": "1;61;83
  "-NhtM8-IVqNASXZ9CMj3": "1;61;83
  "-NhtM8WuQjKPYbiudvgE": "1;61;83
  "-NhtM942sGKXNiEfe0M_": "1;61;83
  "-NhtM9cISWnZn8MHZb4L": "1;61;83
  "-NhtMAAT5Kk1sh8FiyyE": "1;61;83
  "-NhtMAigIZOe6mw0dICK": "1;61;83
  "-NhtMBGvIal2pRPLkOuR": "1;61;83
  "-NhtMBnSAGMgCPITXWa5": "1;60;83
  "-NhtMCLgp3pMr0MAc6s6": "1;60;83
  "-NhtMCsO90XvWOcb3wqG": "1;60;83
  "-NhtMDQVqVCKMGQvfM_f": "1;60;83
  "-NhtMDyf9pESMLsQq3Q2": "1;60;83
  "-NhtMEVJvU74-7gcmJLy": "1;60;83
  "-NhtMF2_QxQcZeKHdQpu": "1;60;83
  "-NhtMFags0NgyiFtvuBx": "1;60;84
  "-NhtMG8uZPLvCSJn42fo": "1;60;84
  "-NhtMGh4V1czZmOrCI7Y": "1;60;84
  "-NhtMHDhFWdax_WSpPQm": "1;60;84
  "-NhtMHlwgSIzFNQPr9R9": "1;60;84
  "-NhtMIKVvr-t4ehzVwwR": "1;60;84
  "-NhtMIsKZyJNUhAXebcm": "1;60;84
  "-NhtMJQTAo3Bl4PrSh77": "1;60;84
  "-NhtMJyd0DzOtkXKUEtf": "1;60;84
  "-NhtMKWuHvfronaUYWd_": "1;60;84
  "-NhtML46rb1eWl_FAjgw": "1;60;84
  "-NhtMLcG3-roFWjDbxp3": "1;60;84
  "-NhtMM907gUDmnSDZ0GB": "1;60;84
  "-NhtMMh9Ow9pwhGBNw_H": "1;59;84
  "-NhtMNFIl7ifkTke8GTg": "1;59;84
  "-NhtMNnXzYyvtJqX9JHU": "1;59;84
  "-NhtMOQcONsxq5VDH1Ai": "1;59;84
  "-NhtMOyfK83MCkO0osaM": "1;59;84
  "-NhtMPWujngESLVowlXZ": "1;59;84
  "-NhtMQ47GjnPAvY7yYyb": "1;59;84
  "-NhtMQcKFWeakXC9-chd": "1;59;84
  "-NhtMRI0dmDcEJMkPcX_": "1;59;84
  "-NhtMRqhs9rFGFLRBIQr": "1;59;84
  "-NhtMSOtYJctN59b1bvg": "1;59;84
  "-NhtMSx6oaDEl4TTBKlg": "1;59;84
  "-NhtMTTkTn22AyznFjuH": "1;59;84
  "-NhtMU0wD4tjAnPAi0H4": "1;59;85
  "-NhtMU_4pRxcsLytYsmC": "1;59;85
  "-NhtMV5wqIfWBXrx22TD": "1;59;85
  "-NhtMVdyuZMAb0I914Dy": "1;59;85
  "-NhtMWC7QBwPLwynYuUM": "1;59;85
  "-NhtMWitGcUd_13tSUnC": "1;59;85
  "-NhtMXGwo72hiSaLCzuy": "1;59;85
  "-NhtMXp7Qn523JtPjjWK": "1;58;85
  "-NhtMYNNv1uqIuvEKgbz": "1;58;85
  "-NhtMYv_rGzJ5LnuWgbi": "1;58;85
  "-NhtMZTm9K5eXU7MurhW": "1;58;85
  "-NhtM_0u-Pktb_PiwwPP": "1;58;85
  "-NhtM__6tPEpVNXA8wDf": "1;58;85
  "-NhtMa7G0bWW0GW6rWEH": "1;58;85
  "-NhtMaigHDYT9i44wlm8": "1;58;85
  "-NhtMbGuRRFnrFwfuM7R": "1;58;85
  "-NhtMbp6Zyt1LfHncU1R": "1;58;85
  "-NhtMcNNiCAGHM45yEA3": "1;58;85
  "-NhtMctroU60YN1_ZJsh": "1;58;85
  "-NhtMdS5qWjC3oylnxCD": "1;58;85
  "-NhtMe-KmO18ZQM8tAtb": "1;58;85
  "-NhtMeYY4-CEeozP57aw": "1;58;85
  "-NhtMf5hTWQAUqr9HWS-": "1;58;85
  "-NhtMfdwODtBLJqOymH3": "1;58;85
  "-NhtMgC60UcrQDOmbh2N": "1;58;85
  "-NhtMgnVsN4HvY8YcpDg": "1;58;85
  "-NhtMhLfjBQRdcH1ixjI": "1;58;85
  "-NhtMhtticDaKvu076OE": "1;58;86
  "-NhtMiThrvbLC-2tkwtg": "1;58;86
  "-NhtMj-IbT66wZ6Uz95m": "1;58;86
  "-NhtMjYXr40YGTEvo_XC": "1;58;86
  "-NhtMk5g8h3rn2coyxu5": "1;58;86
  "-NhtMkdvfi457u1-H46K": "1;58;86
  "-NhtMlC3kRJwe2S29qhT": "1;58;86
  "-NhtMlpBrECuI4d-uDR6": "1;58;86
  "-NhtMmNMl3Y5mKGhMl98": "1;58;86
  "-NhtMmvXjgQ-CsAItvzY": "1;57;86
  "-NhtMnThFSm40yPMAJ48": "1;57;86
  "-NhtMo0y-Tug4nYBUsiy": "1;57;86
  "-NhtMo_C0OMoj8vyjNkh": "1;57;86
  "-NhtMp7LsTtJRPnKtYUE": "1;57;86
  "-NhtMpf_Th98k2z7bzep": "1;57;86
  "-NhtMqDm1ohzYXrrIsBV": "1;57;86
  "-NhtMqlvXwl8ArAG5C-D": "1;57;86
  "-NhtMrK9kdoOMlqc7yUi": "1;57;86
  "-NhtMrsMwQHgnqUrbarL": "1;57;86
  "-NhtMsQXMx9F_QiqM_q_": "1;56;86
  "-NhtMsyj0Wp7nfeTbFFK": "1;56;86
  "-NhtMtWse8SChh5OAe1q": "1;56;86
  "-NhtMu49e8TX3G-b6CTN": "1;56;86
  "-NhtMucJxl-w6s-eKHyY": "1;56;86
  "-NhtMvATIjZQJuH6ClaF": "1;56;86
  "-NhtMvil8OO8G3cGegUs": "1;56;86
  "-NhtMwRTTIhQZTubtUKN": "1;56;87
  "-NhtMx-PJt_huIIfKB4c": "1;56;87
  "-NhtMxYXIc890x3JFn_f": "1;55;87
  "-NhtMy5hya4lbBgt0GEB": "1;55;87
  "-NhtMye0zg4wVjsHdjdY": "1;55;87
  "-NhtMzC6BlvKihVHAudQ": "1;55;87
  "-NhtMzkItB2qz_eoY1MQ": "1;55;87
  "-NhtN-IYmW1z3GhxKBJL": "1;55;87
  "-NhtN-qiHqo2Cay8Y_m8": "1;55;87
  "-NhtN0OuFNByYm76QELw": "1;55;87
  "-NhtN0xApvjx6EQdi7ea": "1;55;87
  "-NhtN1VNZVX3ihbu-e32": "1;54;87
  "-NhtN22dSc8I0PETL49n": "1;54;87
  "-NhtN2ahvPb_KTL4n8sh": "1;54;87
  "-NhtN39HJogkrfKbmiYI": "1;54;87
  "-NhtN3g5uazUNjnmuQTa": "1;54;87
  "-NhtN4FJ2B_A6fs6P7Rz": "1;54;87
  "-NhtN4nWZUzsZFdL6pP2": "1;54;87
  "-NhtN5K8wU2i2_jPJEdw": "1;54;87
  "-NhtN5sL9c1Yk_fEUnqN": "1;54;87
  "-NhtN6QWN2yoUWb-iEtc": "1;54;87
  "-NhtN7-afJzJfrGhxB-r": "1;54;87
  "-NhtN7YVY6hpt9jX5amI": "1;54;87
  "-NhtN85f_W7gVeYruUun": "1;53;87
  "-NhtN8dtkX6lDbTQwxDo": "1;53;87
  "-NhtN9FNM8a7JgUR37qq": "1;53;87
  "-NhtN9nWhjJwUOwYsSsj": "1;53;87
  "-NhtNALfP0BtFzWMutso": "1;53;88
  "-NhtNAx7PuoSR09SYYxC": "1;53;88
  "-NhtNBVLQGzSEKSgKGv-": "1;53;88
  "-NhtNC2YrO2BL6CF7tZ_": "1;52;88
  "-NhtNCaiCO8ISCoI0Vd2": "1;52;88
  "-NhtND8uLxyyb9_0wMAp": "1;52;88
  "-NhtNDh59V4-7_bn701d": "1;52;88
  "-NhtNEFXGcod9ly-F6Wy": "1;52;88
  "-NhtNEnTFmhY2FcFeTLI": "1;52;88
  "-NhtNFLoHhlJ0UJsutmo": "1;52;88
  "-NhtNFu-d_GJJWUgHc-Q": "1;51;88
  "-NhtNGQZco4_KSP2fLSV": "1;51;88
  "-NhtNGyjteYfBolIcKA0": "1;51;88
  "-NhtNHWwZcWX9ll2RJ7r": "1;51;88
  "-NhtNI4BC2yxZmwnxRQc": "1;51;88
  "-NhtNIcIY9lwj9P0p0Nw": "1;51;88
  "-NhtNJAgdJ8PCb4d_tBZ": "1;51;88
  "-NhtNJij_dy_jNpMroa-": "1;51;88
  "-NhtNKGuGgQ47FJaQZPC": "1;51;88
  "-NhtNKp7lhOKKW5sTULc": "1;50;88
  "-NhtNLNK-EP6TKRV7XRM": "1;50;88
  "-NhtNLvWw-DpxEDrJS7R": "1;50;88
  "-NhtNMcoOVOrbYPQKeaC": "1;50;88
  "-NhtNNAWf4zrAO2C0a3U": "1;50;88
  "-NhtNNijThI2V0hxQvIs": "1;50;88
  "-NhtNOGxKomfP-xlV_J1": "1;50;88
  "-NhtNOp7zBjnzC5-IJGt": "1;50;89
  "-NhtNPNKBqiw65KScHOf": "1;50;89
  "-NhtNPvVesE7p3oRVf5s": "1;50;89
  "-NhtNQTl6xnVFQQ2RuKt": "1;50;89
  "-NhtNR0vFWS00A94j_Oe": "1;50;89
  "-NhtNR_5a2ym-iUfD2Q2": "1;49;89
  "-NhtNS7JhhZNhIyvOdi_": "1;49;89
  "-NhtNSfX19uTHINfklGl": "1;49;89
  "-NhtNTLh863h4ji5DR8y": "1;49;89
  "-NhtNTty_xsOLjQvoQQq": "1;49;89
  "-NhtNUSAKGl1lICzXXw5": "1;49;89
  "-NhtNV-JuLbzBCdgbDyg": "1;49;89
  "-NhtNVYVeDN2bIrZwJqR": "1;48;89
  "-NhtNW5lVjB_IZbzY_4Y": "1;48;89
  "-NhtNWdwaEOoLVlANnWl": "1;48;89
  "-NhtNXCAIMn_GxrbMxQW": "1;48;89
  "-NhtNXkKBqzupneYMcI0": "1;48;89
  "-NhtNYIbA4FeUvmzE2uk": "1;47;89
  "-NhtNYqgSmdlHKAIXh0-": "1;47;89
  "-NhtNZOy8YTrszZYqbZu": "1;47;89
  "-NhtNZxBJxv-blKpT8ba": "1;47;89
  "-NhtN_VIFoGgsbWQUSX6": "1;47;89
  "-NhtNa51ULPEDoI50ZOS": "1;47;89
  "-NhtNaasjTFtEHB9aPTR": "1;47;89
  "-NhtNb8z2edLfHRTpRUp": "1;46;89
  "-NhtNbhC59u6WjMO9eV1": "1;46;89
  "-NhtNcFLAzKApE1bkkor": "1;46;90
  "-NhtNcnYFsKafPP1HzPa": "1;46;90
  "-NhtNdLe3QdymqixSwno": "1;46;90
  "-NhtNdtw3EQQZ2ZKnJCl": "1;46;90
  "-NhtNeS9J38ju3eBvvrz": "1;46;90
  "-NhtNf-OjFSL7q4PYY66": "1;46;90
  "-NhtNfYr7N2ERup2LDSz": "1;45;90
  "-NhtNg5ieWkAeUydKcdt": "1;45;90
  "-NhtNge8lxGnRdbsi3Rk": "1;45;90
  "-NhtNhC9ee3C0Tx2SlWK": "1;45;90
  "-NhtNhkLI2U3_jde-4Cs": "1;44;90
  "-NhtNiIXaZ28r705K4JK": "1;44;90
  "-NhtNiqm6sk9QHUosvKc": "1;44;90
  "-NhtNjOv3sT3w-ZAeld9": "1;44;90
  "-NhtNjxCjnw_gHFrzqXU": "1;44;90
  "-NhtNkVOoFPQN7xAlp61": "1;44;90
  "-NhtNl2Wa11oMJHG5WRf": "1;44;90
  "-NhtNlaiJKrnlr8rAG6d": "1;43;90
  "-NhtNmGwmfOAWatA93jV": "1;42;90
  "-NhtNmp9UFWi_a7eGR2A": "1;42;90
  "-NhtNnNKQxz7feu2_JWF": "1;42;90
  "-NhtNntxM5nD2CbGy8fe": "1;42;90
  "-NhtNoS7IghEyCWtaJLC": "1;42;90
  "-NhtNp-KdPSETOHa7isw": "1;42;90
  "-NhtNpYb0GTv7MztCf0l": "1;42;90
  "-NhtNqAb74B6y1IijZp0": "1;42;90
  "-NhtNqilNars2dbS_79g": "1;42;90
  "-NhtNrGyGoddmr9hGoXD": "1;41;91
  "-NhtNrpAkNv_R1vde1IH": "1;41;91
  "-NhtNsNR4_2SaS2HmtzX": "1;41;91
  "-NhtNsvYDeBd-pZcYu0B": "1;41;91
  "-NhtNtS69ofAGwA-6UUa": "1;40;91
  "-NhtNu-KLKyL6bPCmtb0": "1;40;91
  "-NhtNuYbjDSPFUlPnIfW": "1;40;91
  "-NhtNv5xDa_47xyBgjgI": "1;40;91
  "-NhtNvdwVqgoObwPKvvz": "1;39;91
  "-NhtNwAgdP7lG6WvQSP4": "1;39;91
  "-NhtNwijrpt1Sey2odCP": "1;39;91
  "-NhtNxGvve0nChwQg9P7": "1;38;91
  "-NhtNxqmBxr_CVrIDTTx": "1;38;91
  "-NhtNyP0kH-4XTx9BAg7": "1;38;91
  "-NhtNyxAZibrK3W3tcnY": "1;38;91
  "-NhtNzVL-pV6eX-FLLzc": "1;38;91
  "-NhtO-48xr762Z0RWT_n": "1;37;91
  "-NhtO-cMeMMN_tLWz0oU": "1;37;91
  "-NhtO0AVBxa67rAW5l-3": "1;37;91
  "-NhtO0ikMkf2O9-jENWD": "1;37;91
  "-NhtO1Gxoc6odeVFxhd8": "1;36;91
  "-NhtO1p5p3_SOmjB1lQo": "1;36;91
  "-NhtO2NMfh2cID8GKOSF": "1;36;91
  "-NhtO2tvG7bpaoglrdNr": "1;36;91
  "-NhtO3S9bQQNZnIZmNsL": "1;35;91
  "-NhtO4-NJMaDuqUhv9dY": "1;35;91
  "-NhtO4YXrfn5pexLIulg": "1;35;92
  "-NhtO55jpIPY8f7FZV2O": "1;35;92
  "-NhtO5dxNGCQE5xBGTy1": "1;34;92
  "-NhtO6C9yasVfhTSTz4U": "1;34;92
  "-NhtO6kJRdebl80WXEM4": "1;34;92
  "-NhtO7IWmpCyFGXYrDMz": "1;34;92
  "-NhtO7qonLCw3tfzZfoj": "1;34;92
  "-NhtO8OyM2nuHeVSPbnC": "1;33;92
  "-NhtO8xCcxAVz4KJrjb0": "1;33;92
  "-NhtO9VKKVVcpeP_wlZ2": "1;32;92
  "-NhtOA2Y4jKUnGlgTvLU": "1;32;92
  "-NhtOAanW_QNe_V72-66": "1;32;92
  "-NhtOB7OCVyyTPkvOcRS": "1;32;92
  "-NhtOBfblFH5BWRg72WX": "1;32;92
  "-NhtOCDjU1IkgYVCKbP4": "1;30;92
  "-NhtOCkSowBBhdO5pKin": "1;30;92
  "-NhtODIWhUChf5YBvcvp": "1;29;92
  "-NhtODqibVVtXwx7nHpy": "1;28;92
  "-NhtOEOzM3CCKDo9S8k_": "1;28;92
  "-NhtOF-M3vaMzGmeiq2E": "1;28;92
  "-NhtOFYYmalBPaWU-qeM": "1;27;92
  "-NhtOG5nccYwFRWHg5Ix": "1;27;92
  "-NhtOGdwSLRrFmLbhNwh": "1;27;92
  "-NhtOHCCPF5JEpAY_G2N": "1;27;92
  "-NhtOHkRfLfj6jZiLoYN": "1;26;92
  "-NhtOIWDRvEh73cTNOXT": "1;26;92
  "-NhtOJ4CV8PHNHko63Ln": "1;25;92
  "-NhtOJcMAI9WBssBYbWO": "1;25;93
  "-NhtOKA_0BCK0i_ngNu2": "1;24;93
  "-NhtOKilG1DFqPlIvnsV": "1;24;93
  "-NhtOLGztR9R_0TwUPaS": "1;22;93
  "-NhtOLpCwXN5ItdxtsbO": "1;22;93
  "-NhtOMNMfYNgYaJCank5": "1;22;93
  "-NhtOMvbTdWQBeo-kEl1": "1;21;93
  "-NhtONTnlCPrg9upF63d": "1;19;93
  "-NhtOO1-mPxVOMl6IUhq": "1;18;93
  "-NhtOO_E3PgS4E4cZEST": "1;16;93
  "-NhtOP7PtqKeSFDpSglq": "1;16;93
  "-NhtOPfhMB24Bt3VT3mm": "1;16;93
  "-NhtOQDj9X7kV088YUUM": "1;15;93
  "-NhtOQmM_gisx3QCiujp": "1;14;93
  "-NhtORK8CDVy2R8B03Ti": "1;11;93
  "-NhtORsMv1z7QNvsfpiE": "1;11;93
  "-NhtOSQY56gv1GFLWsYo": "1;11;93
  "-NhwYqygh21zfCcI0psM": "1;11;93
  "-NhwYrYAQT21OqOY1gMZ": "1;11;93
  "-NhwYs56iWvtiVUjLp8V": "1;11;93
  "-NhwYseyyR9J_gVBwnH1": "1;11;93
  "-NhwYtD9eJ7VAaWcJVeI": "1;11;93
  "-NhwYtlLjTeEJwse2f3m": "1;11;93
  "-NhwYuL7nvMjwAF2RgA6": "1;11;93
  "-NhwYutMLh7Ey-acHLbk": "1;10;93
  "-NhwYvRYEAQ1l7SJMot4": "1;10;93
  "-NhwYvzkb3skeFhl1OhS": "1;10;93
  "-NhwYwYCNNV1bNFKZIfx": "1;10;94
  "-NhwYx5Gz7d_XRRdXXnP": "1;10;94
  "-NhwYxbl7CiXkqJqMoLz": "1;10;94
  "-NhwYyA0JCoxw-uJ75UQ": "1;10;94
  "-NhwYyiCwnFEGstCnKvy": "1;10;94
  "-NhwYzJZTgptAfCx_GJT": "1;10;94
  "-NhwZ-0VRJRWZ36DgF9Z": "1;10;94
  "-NhwZ-ZxD8vT3JxvpDpI": "1;10;94
  "-NhwZ06lpWlcs9_vLhC6": "1;10;94
  "-NhwZ0g_yrEltIzuE1PU": "1;10;94
  "-NhwZ1EkcOEYR4LpjtQe": "1;10;94
  "-NhwZ1lLzUDLuKTVZq75": "1;10;94
  "-NhwZ2JWoDkr6_hycggN": "1;10;94
  "-NhwZ2rvpgbmDhMZvJWZ": "1;10;94
  "-NhwZ3Q1oywTPWuS_Lr0": "1;10;94
  "-NhwZ3yG2PCa3XhqkpMH": "1;10;94
  "-NhwZ4WR4iuJiQ-CO70-": "1;10;94
  "-NhwZ53XY5SUPXRAAEyV": "1;10;94
  "-NhwZ5blpkEmXS6zjzT8": "1;10;94
  "-NhwZ69xE82y8-g9fZ23": "1;10;94
  "-NhwZ6iI-q6j8MdYnjdG": "1;10;94
  "-NhwZ7GL7X0O5I7ujywA": "1;10;94
  "-NhwZ7oZchux8uL72pqS": "1;10;94
  "-NhwZ8MkwOs9QL8Bxjvg": "1;10;94
  "-NhwZ8uyd_KxxrKy1U1j": "1;10;94
  "-NhwZ9TBv4j40OOHi4Zn": "1;10;94
  "-NhwZA0OOmdp9_gW5VTQ": "1;10;94
  "-NhwZAa75pPJ4LmZTaY8": "1;10;94
  "-NhwZB8MvV66W5ce3qB7": "1;10;95
  "-NhwZBg_tBut7bp_VCne": "1;10;95
  "-NhwZCRuHYQ7P_Qhba5I": "1;10;95
  "-NhwZCzkQBvG5kO94O3R": "1;10;95
  "-NhwZDXyha3P_lbmF0zO": "1;10;95
  "-NhwZE3ZAHLYOV39pQiS": "1;10;95
  "-NhwZEbhTU-qvV_xPdLO": "1;10;95
  "-NhwZF9vNwju5tO282Fh": "1;10;95
  "-NhwZFiS5ffF5aZtAZTO": "1;10;95
  "-NhwZGGNamJlsA4pf3Ni": "1;10;95
  "-NhwZGo_RW3Ah01A639d": "1;10;95
  "-NhwZHMkAXrn0rQfos2H": "1;10;95
  "-NhwZHuxAH_lq64TWtFB": "1;10;95
  "-NhwZITBBpi9FcVGXyck": "1;10;95
  "-NhwZIzoxLouC9FcyATw": "1;10;95
  "-NhwZJZa6M0acxHlgtuM": "1;10;95
  "-NhwZK6kl8TIJkztONRi": "1;10;95
  "-NhwZKezHZDMinSREETN": "1;10;95
  "-NhwZLBb6P3Pu5Q9IWHg": "1;10;95
  "-NhwZLjn5EH1h7ka1MZC": "1;10;95
  "-NhwZMHyzZXJRIW9d-QX": "1;10;95
  "-NhwZMqQ97Y9dctncy7N": "1;10;95
  "-NhwZNOOMCyi8rFdGHrD": "1;10;95
  "-NhwZNwYKcf3ca6VtPA9": "1;10;95
  "-NhwZOWQPdRCNuAeOFDG": "1;10;95
  "-NhwZP3ggmUjCHfjgYdm": "1;10;95
  "-NhwZPdTRL26k8uGOOt3": "1;10;95
  "-NhwZQB_GJiCZs176qGs": "1;10;95
  "-NhwZQmoC5DDCwga01NL": "1;10;95
  "-NhwZRLAlFwrWaJwUxp9": "1;10;95
  "-NhwZRtOruNerrniNTDS": "1;10;96
  "-NhwZSRZtRyyW-zp9RSe": "1;10;96
  "-NhwZSzlatUiSlrqLFzQ": "1;9;96
  "-NhwZTXyQxxun_dvXZln": "1;9;96
  "-NhwZU5AtuG8isirIHJ2": "1;9;96
  "-NhwZUc8O1GYnNhHaTkk": "1;9;96
  "-NhwZVA3ygc_u4831_yH": "1;9;96
  "-NhwZViOraizlYZHWtNg": "1;9;96
  "-NhwZWGSOUJma1zfoIen": "1;9;96
  "-NhwZWqH3ZIdgFVZTNh8": "1;9;96
  "-NhwZXOOU4iK0kwUezrl": "1;9;96
  "-NhwZXwbw44PiH1w7_tC": "1;9;96
  "-NhwZYUlN2ghaxW_0DV5": "1;9;96
  "-NhwZZ1z0jPJ_bzGEVi4": "1;9;96
  "-NhwZZa8f_plZWFJuxzG": "1;9;96
  "-NhwZ_8djiG-bIS5WMoJ": "1;9;96
  "-NhwZ_iGMHvBudL-832_": "1;8;96
  "-NhwZaGOeSPANG4dm7sN": "1;7;96
  "-NhwZao_v1e9SJppeY0Y": "1;6;96
  "-NhwZbMkTZmUaMUkxcXw": "1;0;96
